심각도,범주,핵종,Z,N,A,항목,내 값,참조값,차이,메모
치명,반감기 단위 혼동 의심,102Zr,40,62,102,반감기,2.01 ± 0.08 s,2.9 s ±0.2,×0.6931,평균수명 τ와 반감기 T½ 혼동 (τ = T½/ln2)
치명,반감기 단위 혼동 의심,131Cd,48,83,131,반감기,98 ± 2 ms,68 ms ±3,×1.441,평균수명 τ와 반감기 T½ 혼동 (τ = T½/ln2)
치명,반감기 단위 혼동 의심,140I,53,87,140,반감기,588 ± 10 ms,0.86 s ±0.04,×0.6837,평균수명 τ와 반감기 T½ 혼동 (τ = T½/ln2)
치명,반감기 불일치,5He,2,3,5,반감기,602 ± 22 ys,0.648 MeV (폭 → 704.07 ys),-14.5%,
치명,반감기 불일치,11O,8,3,11,반감기,198 ± 12 ys,1.30 MeV (폭 → 350.95 ys),-43.6%,
치명,반감기 불일치,15F,9,6,15,반감기,1.1 ± 0.3 zs,660 keV (폭 → 691.27 ys),+59.1%,
치명,반감기 불일치,19Mg,12,7,19,반감기,5 ± 3 ps,1.14E-4 eV (폭 → 4.0021 ps),+24.9%,
치명,반감기 불일치,34Mg,12,22,34,반감기,44.9 ± 0.4 ms,20 ms ±10,+125%,
치명,반감기 불일치,36Mg,12,24,36,반감기,3.9 ± 1.3 ms,7.6 ms ±0.65,-48.7%,
치명,반감기 불일치,39Si,14,25,39,반감기,41.2 ± 4.1 ms,47.5 ms ±2,-13.3%,
치명,반감기 불일치,57Sc,21,36,57,반감기,22 ± 2 ms,13 ms ±4,+69.2%,[참조: 단건 API 최신값]
치명,반감기 불일치,69Mn,25,44,69,반감기,22.1 ± 1.6 ms,16 ms ±3,+38.1%,
치명,반감기 불일치,69Fe,26,43,69,반감기,162 ± 7 ms,110 ms ±5,+47.3%,
치명,반감기 불일치,67Co,27,40,67,반감기,329 ± 28 ms,0.425 s ±0.02,-22.6%,
치명,반감기 불일치,69Co,27,42,69,반감기,180 ± 20 ms,227 ms ±11,-20.7%,
치명,반감기 불일치,72Co,27,45,72,반감기,51.5 ± 0.3 ms,59.9 ms ±1.7,-14%,
치명,반감기 불일치,81Ge,32,49,81,반감기,9 ± 2 s,6.4 s ±0.2,+40.6%,[참조: 단건 API 최신값]
치명,반감기 불일치,87Ge,32,55,87,반감기,103 ± 4 ms,~0.14 s,-26.4%,
치명,반감기 불일치,84As,33,51,84,반감기,3.16 ± 0.58 s,4.2 s ±0.5,-24.8%,
치명,반감기 불일치,93Br,35,58,93,반감기,152 ± 8 ms,102 ms ±10,+49%,
치명,반감기 불일치,106Nb,41,65,106,반감기,900 ± 20 ms,1.02 s ±0.05,-11.8%,
치명,반감기 불일치,109Mo,42,67,109,반감기,700 ± 14 ms,0.61 s ±0.035,+14.8%,
치명,반감기 불일치,111Tc,43,68,111,반감기,350 ± 11 ms,290 ms ±20,+20.7%,
치명,반감기 불일치,112Tc,43,69,112,반감기,323 ± 6 ms,271 ms ±15,+19.2%,
치명,반감기 불일치,92Rh,45,47,92,반감기,5.61 ± 0.08 s,4.66 s ±0.25,+20.4%,[참조: 단건 API 최신값]
치명,반감기 불일치,93Rh,45,48,93,반감기,13.9 ± 1.6 s,12.2 s ±0.7,+13.9%,
치명,반감기 불일치,101Rh,45,56,101,반감기,4.07 ± 0.05 y,3.3 Y ±0.3,+23.3%,
치명,반감기 불일치,120Ag,47,73,120,반감기,1.52 ± 0.07 s,1.23 s ±0.04,+23.6%,
치명,반감기 불일치,97Cd,48,49,97,반감기,1.16 ± 0.05 s,2.8 s ±0.6,-58.6%,
치명,반감기 불일치,130Cd,48,82,130,반감기,126.8 ± 1.8 ms,162 ms ±7,-21.7%,
치명,반감기 불일치,134Sn,50,84,134,반감기,0.93 ± 0.08 s (≈930 ms),1.050 s ±0.011,-11.4%,
치명,반감기 불일치,139Sb,51,88,139,반감기,182 ± 9 ms,93 ms ±13,+95.7%,
치명,반감기 불일치,111Te,52,59,111,반감기,26.2 ± 0.6 s,19.3 s ±0.4,+35.8%,
치명,반감기 불일치,128Te,52,76,128,반감기,2.25 ± 0.09 Yy (≈2.25e+24 y),7.7E+24 Y ±4e+23,-70.8%,
치명,반감기 불일치,139Te,52,87,139,반감기,724 ± 81 ms,1.6 s ±0.3,-54.8%,
치명,반감기 불일치,120Xe,54,66,120,반감기,46.0 ± 0.6 min,40 m ±1,+15%,
치명,반감기 불일치,144Xe,54,90,144,반감기,388 ± 7 ms,1.15 s ±0.2,-66.3%,
치명,반감기 불일치,135Cs,55,80,135,반감기,1.33 ± 0.19 My (≈1.33e+06 y),2.3E+6 Y ±3e+05,-42.2%,
치명,반감기 불일치,150Ce,58,92,150,반감기,6.05 ± 0.07 s,4.0 s ±0.6,+51.2%,
치명,반감기 불일치,130Nd,60,70,130,반감기,21 ± 3 s,13 s ±3,+61.5%,
치명,반감기 불일치,136Pm,61,75,136,반감기,107 ± 6 s (≈1.7833 m),300 s ±50,-64.3%,
치명,반감기 불일치,187Ta,73,114,187,반감기,2.3 ± 6 min,283 s ±10,-51.2%,
치명,반감기 불일치,197Os,76,121,197,반감기,93 ± 7 s (≈1.55 m),2.8 m ±0.6,-44.6%,
치명,반감기 불일치,208Hg,80,128,208,반감기,135 ± 10 s (≈2.25 m),41 m ±4.5,-94.5%,
치명,반감기 불일치,209Hg,80,129,209,반감기,6.3 ± 1.1 s,36 s ±5.5,-82.5%,
치명,반감기 불일치,179Tl,81,98,179,반감기,437 ± 9 ms,0.23 s ±0.04,+90%,[참조: 단건 API 최신값]
치명,반감기 불일치,215At,85,130,215,반감기,37 ± 3 μs,0.10 ms ±0.02,-63%,
치명,반감기 불일치,216Rn,86,130,216,반감기,29 ± 4 μs,45 us ±5,-35.6%,
치명,반감기 불일치,218U,92,126,218,반감기,354 ± 91 μs,0.65 ms ±0.075,-45.5%,
치명,반감기 불일치,223U,92,131,223,반감기,65 ± 12 μs,18 us ±7.5,+261%,
치명,반감기 불일치,220Np,93,127,220,반감기,29 ± 11 ns,25 us ±10,-99.9%,
치명,반감기 불일치,240Cm,96,144,240,반감기,30.4 ± 3.7 d,27 d ±1,+12.6%,
치명,반감기 불일치,237Cf,98,139,237,반감기,0.8 ± 0.2 s (≈800 ms),2.1 s ±0.3,-61.9%,[참조: 단건 API 최신값]
치명,반감기 불일치,241Cf,98,143,241,반감기,2.35 ± 0.18 min,3.78 m ±0.7,-37.8%,
치명,반감기 불일치,260Md,101,159,260,반감기,27.8 ± 0.8 d,31.8 d ±0.5,-12.6%,
치명,반감기 불일치,249No,102,147,249,반감기,57 ± 12 μs,38.1 ms ±2.8,-99.9%,[참조: 단건 API 최신값]
치명,반감기 불일치,254Lr,103,151,254,반감기,12.0 ± 0.9 s,18.1 s ±1.8,-33.7%,
치명,반감기 불일치,257Lr,103,154,257,반감기,6.0 ± 0.4 s,~4 s,+50%,
치명,반감기 불일치,264Lr,103,161,264,반감기,10# h,4.9 h ±1.7,+104%,내 값은 추정(#)
치명,반감기 불일치,253Rf,104,149,253,반감기,13 ± 5 ms,9.9 ms ±1.2,+31.3%,
치명,반감기 불일치,262Rf,104,158,262,반감기,250 ± 100 ms,2.3 s ±0.4,-89.1%,
치명,반감기 불일치,255Db,105,150,255,반감기,54 ms,1.6 s ±0.5,-96.6%,
치명,반감기 불일치,261Db,105,156,261,반감기,4.7 ± 1.0 s,1.8 s ±0.4,+161%,
치명,반감기 불일치,259Sg,106,153,259,반감기,402 ± 56 ms,0.29 s ±0.05,+38.6%,
치명,반감기 불일치,264Sg,106,158,264,반감기,78 ± 25 ms,37 ms ±19,+111%,
치명,반감기 불일치,269Sg,106,163,269,반감기,5 ± 2 min,1.3E2 s ±70,+131%,
치명,반감기 불일치,266Bh,107,159,266,반감기,10.6 ± 2.2 s,2.1 s ±1.9,+405%,
치명,반감기 불일치,264Hs,108,156,264,반감기,0.7 ± 0.3 s (≈700 ms),~0.8 ms,×875,
치명,반감기 불일치,273Hs,108,165,273,반감기,"1,060 ± 500 ms (≈1.06 s)",0.51 s ±0.21,+108%,
치명,반감기 불일치,277Mt,109,168,277,반감기,9 ± 6 s,4 ms ±2.5,×2250,
치명,반감기 불일치,285Nh,113,172,285,반감기,4.6 ± 1.1 s,0.93 s ±0.34,+395%,
치명,반감기 불일치,285Fl,114,171,285,반감기,210 ± 100 ms,101 ms ±43,+108%,
높음,반감기 불일치,10Be,4,6,10,반감기,1.387 ± 0.012 My (≈1.387e+06 y),1.51E+6 Y ±4e+04,-8.15%,
높음,반감기 불일치,15B,5,10,15,반감기,10.18 ± 0.35 ms,9.93 ms ±0.07,+2.52%,[참조: 단건 API 최신값]
높음,반감기 불일치,19O,8,11,19,반감기,26.470 ± 0.006 s,26.88 s ±0.05,-1.53%,
높음,반감기 불일치,28Na,11,17,28,반감기,33.1 ± 1.3 ms,30.5 ms ±0.4,+8.52%,
높음,반감기 불일치,34Al,13,21,34,반감기,53.73 ± 0.13 ms,56.3 ms ±0.5,-4.56%,
높음,반감기 불일치,47Cr,24,23,47,반감기,461.6 ± 1.5 ms,500 ms ±15,-7.68%,
높음,반감기 불일치,52Ni,28,24,52,반감기,41.8 ± 1.0 ms,40.8 ms ±0.2,+2.45%,
높음,반감기 불일치,66Ga,31,35,66,반감기,9.304 ± 0.008 h,9.49 h ±0.03,-1.96%,
높음,반감기 불일치,71Kr,36,35,71,반감기,98.8 ± 0.3 ms,94.9 ms ±0.4,+4.11%,
높음,반감기 불일치,77Kr,36,41,77,반감기,72.6 ± 0.9 min (≈1.21 h),71.25 m ±0.42,+1.89%,
높음,반감기 불일치,95Tc,43,52,95,반감기,19.258 ± 0.026 h,20.0 h ±0.1,-3.71%,
높음,반감기 불일치,95Ru,44,51,95,반감기,1.607 ± 0.004 h,1.643 h ±0.013,-2.19%,
높음,반감기 불일치,129Cd,48,81,129,반감기,147 ± 3 ms,154 ms ±2,-4.55%,
높음,반감기 불일치,129In,49,80,129,반감기,570 ± 10 ms,611 ms ±5,-6.71%,
높음,반감기 불일치,133Sn,50,83,133,반감기,1.37 ± 0.07 s,1.46 s ±0.03,-6.16%,
높음,반감기 불일치,117Sb,51,66,117,반감기,2.97 ± 0.02 h,2.80 h ±0.01,+6.07%,
높음,반감기 불일치,123Xe,54,69,123,반감기,2.08 ± 0.02 h,2.050 h ±0.014,+1.46%,
높음,반감기 불일치,125Cs,55,70,125,반감기,44.35 ± 0.29 min,46.7 m ±0.1,-5.03%,
높음,반감기 불일치,138Cs,55,83,138,반감기,33.5 ± 0.2 min,32.5 m ±0.2,+3.08%,
높음,반감기 불일치,123La,57,66,123,반감기,17 ± 3 s,16.3 s ±0.3,+4.29%,
높음,반감기 불일치,135La,57,78,135,반감기,18.91 ± 0.02 h,19.5 h ±0.2,-3.03%,
높음,반감기 불일치,144La,57,87,144,반감기,44.0 ± 0.7 s,40.8 s ±0.4,+7.84%,
높음,반감기 불일치,156Pm,61,95,156,반감기,27.4 ± 0.5 s,26.70 s ±0.1,+2.62%,
높음,반감기 불일치,186Ta,73,113,186,반감기,10.5 ± 0.3 min,10.39 m ±0.03,+1.06%,
높음,반감기 불일치,187Re,75,112,187,반감기,41.6 ± 0.02 Gy (≈4.16e+10 y),4.33E+10 Y ±7e+08,-3.93%,
높음,반감기 불일치,195Hg,80,115,195,반감기,10.69 ± 0.16 h,10.53 h ±0.03,+1.52%,
높음,반감기 불일치,197Hg,80,117,197,반감기,64.93 ± 0.07 h (≈2.7054 d),64.14 h ±0.05,+1.23%,
높음,반감기 불일치,188Pb,82,106,188,반감기,25.1 ± 0.1 s,25.5 s ±0.1,-1.57%,
높음,반감기 불일치,207Bi,83,124,207,반감기,31.22 ± 0.17 y,31.55 Y ±0.04,-1.05%,
높음,반감기 불일치,200Rn,86,114,200,반감기,1.09 ± 0.16 s,1.03 s ±0.03,+5.83%,[참조: 단건 API 최신값]
높음,반감기 불일치,245Cm,96,149,245,반감기,8.25 ± 0.07 ky (≈8250 y),8423 Y ±74,-2.05%,[참조: 단건 API 최신값]
높음,반감기 한계와 모순,18Na,11,7,18,반감기,1.3 ± 0.4 zs,<0.2 MeV (폭 → >2.2812 zs),-43%,참조 하한값 범위 밖
높음,반감기 한계와 모순,152Cs,55,97,152,반감기,17# ms,>50 ms,-66%,참조 하한값 범위 밖 · 내 값은 추정(#)
높음,반감기 한계와 모순,184Os,76,108,184,반감기,11.2 ± 2.3 Ty (≈1.12e+13 y),>5.6E13 Y,-80%,[참조: 단건 API 최신값] 참조 하한값 범위 밖
높음,분기비 불일치,9C,6,3,9,분기비,EC/B+ p 7.5%,EC/B+ p 62% ±1.9,-54.5%p,
높음,분기비 불일치,18N,7,11,18,분기비,B-N 7%,B-N 12% ±1.3,-5%p,
높음,분기비 불일치,21Mg,12,9,21,분기비,EC/B+ p 20.1%,EC/B+ p 32.6% ±1,-12.5%p,
높음,분기비 불일치,21Mg,12,9,21,분기비,EC/B+ α 0.116%,EC/B+ α 0.5%,-0.384%p,
높음,분기비 불일치,22Si,14,8,22,분기비,EC/B+ p 62%,EC/B+ p 32% ±4,+30%p,
높음,분기비 불일치,27S,16,11,27,분기비,EC/B+ p 61%,EC/B+ p 2.3% ±0.9,+58.7%p,
높음,분기비 불일치,27S,16,11,27,분기비,EC/B+ 2p 3%,EC/B+ 2p 1.1% ±0.5,+1.9%p,
높음,분기비 불일치,42S,16,26,42,분기비,B-N <1%,B-N 4%,-3%p,내 값은 한계값
높음,분기비 불일치,53K,19,34,53,분기비,B-2N 10%,B-2N 17%,-7%p,
높음,분기비 불일치,37Ca,20,17,37,분기비,EC/B+ p 76.8%,EC/B+ p 82.1% ±0.7,-5.3%p,
높음,분기비 불일치,41Ti,22,19,41,분기비,EC/B+ p 91.1%,EC/B+ p 100%,-8.9%p,
높음,분기비 불일치,59V,23,36,59,분기비,B-N >3%,B-N 0.03%,+2.97%p,내 값은 한계값
높음,분기비 불일치,45Fe,26,19,45,분기비,EC/B+ p 18.9%,EC/B+ p 43% ±10,-24.1%p,
높음,분기비 불일치,71Co,27,44,71,분기비,B-N 3%,B-N 16% ±2,-13%p,
높음,분기비 불일치,54Zn,30,24,54,분기비,2P 87%,2P 92%,-5%p,
높음,분기비 불일치,57Zn,30,27,57,분기비,EC/B+ p 87%,EC/B+ p 65%,+22%p,
높음,분기비 불일치,58Zn,30,28,58,분기비,EC/B+ p 0.7%,EC/B+ p 3%,-2.3%p,
높음,분기비 불일치,83Ga,31,52,83,분기비,B-N 85%,B-N 62.8% ±2.5,+22.2%p,
높음,분기비 불일치,85Ga,31,54,85,분기비,B-N 77%,B-N 35%,+42%p,
높음,분기비 불일치,61Ge,32,29,61,분기비,EC/B+ p 87%,EC/B+ p 62%,+25%p,
높음,분기비 불일치,65Se,34,31,65,분기비,EC/B+ p 87%,EC/B+ p 100%,-13%p,[참조: 단건 API 최신값]
높음,분기비 불일치,91Br,35,56,91,분기비,B-N 29.5%,B-N 19.5% ±2.6,+10%p,
높음,분기비 불일치,69Kr,36,33,69,분기비,EC/B+ p 94%,EC/B+ p 99%,-5%p,
높음,분기비 불일치,102Rb,37,65,102,분기비,B-N 65%,B-N 18% ±8,+47%p,
높음,분기비 불일치,109Nb,41,68,109,분기비,B-N 31%,B-N 15%,+16%p,
높음,분기비 불일치,123Pd,46,77,123,분기비,B-N 10%,B-N 1.4% ±0.3,+8.6%p,
높음,분기비 불일치,126Pd,46,80,126,분기비,B-N 22%,B-N 4.9% ±0.9,+17.1%p,
높음,분기비 불일치,96Ag,47,49,96,분기비,EC/B+ p 4.2%,EC/B+ p 8.5% ±1.5,-4.3%p,
높음,분기비 불일치,101Sn,50,51,101,분기비,EC/B+ p 21%,EC/B+ p 26%,-5%p,
높음,분기비 불일치,136Sb,51,85,136,분기비,B-N 24.7%,B-N 18.5% ±1.8,+6.2%p,
높음,분기비 불일치,136Sb,51,85,136,분기비,B-2N 0.14%,B-2N 1%,-0.86%p,
높음,분기비 불일치,116Cs,55,61,116,분기비,EC/B+ p 0.28%,EC/B+ p 2.8% ±0.7,-2.52%p,
높음,분기비 불일치,150Cs,55,95,150,분기비,B-N 44%,B-N 20% ±10,+24%p,
높음,분기비 불일치,117La,57,60,117,분기비,P 100%,P 93.9% ±0.7,+6.1%p,
높음,분기비 불일치,151Ho,67,84,151,분기비,EC/B+ 88%,EC/B+ 78% ±3,+10%p,
높음,분기비 불일치,164Ho,67,97,164,분기비,EC/B+ 39%,EC/B+ 60% ±5,-21%p,
높음,분기비 불일치,150Lu,71,79,150,분기비,P 100%,P 70.9% ±1.9,+29.1%p,
높음,분기비 불일치,156Lu,71,85,156,분기비,A 100%,A 95%,+5%p,
높음,분기비 불일치,161Hf,72,89,161,분기비,A 0.29%,A 0.13%,+0.16%p,
높음,분기비 불일치,158Ta,73,85,158,분기비,A 100%,A 91%,+9%p,
높음,분기비 불일치,166Re,75,91,166,분기비,EC/B+ 88%,EC/B+ 76%,+12%p,
높음,분기비 불일치,166Re,75,91,166,분기비,A 12%,A 24%,-12%p,
높음,분기비 불일치,172Os,76,96,172,분기비,A 1.19%,A 0.2%,+0.99%p,
높음,분기비 불일치,182Pt,78,104,182,분기비,EC/B+ 0.962%,EC/B+ 99.96% ±0.002,-99%p,
높음,분기비 불일치,178Au,79,99,178,분기비,EC/B+ 84%,EC/B+ 60%,+24%p,
높음,분기비 불일치,178Au,79,99,178,분기비,A 16%,A 40%,-24%p,
높음,분기비 불일치,180Au,79,101,180,분기비,A 0.58%,A 1.8%,-1.22%p,
높음,분기비 불일치,178Hg,80,98,178,분기비,A 89%,A 70%,+19%p,
높음,분기비 불일치,178Tl,81,97,178,분기비,A 62%,A 53%,+9%p,
높음,분기비 불일치,178Tl,81,97,178,분기비,EC/B+ 38%,EC/B+ 47%,-9%p,
높음,분기비 불일치,179Tl,81,98,179,분기비,A 60%,A 100%,-40%p,[참조: 단건 API 최신값]
높음,분기비 불일치,183Pb,82,101,183,분기비,A 100%,A 90%,+10%p,
높음,분기비 불일치,191Pb,82,109,191,분기비,A 0.51%,A 0.013% ±0.005,+0.497%p,[참조: 단건 API 최신값]
높음,분기비 불일치,190Bi,83,107,190,분기비,A 77%,A 90%,-13%p,
높음,분기비 불일치,190Bi,83,107,190,분기비,EC/B+ 23%,EC/B+ 10%,+13%p,
높음,분기비 불일치,194At,85,109,194,분기비,EC/B+ SF 0.032%,EC/B+ SF 0.8%,-0.768%p,
높음,분기비 불일치,199Rn,86,113,199,분기비,A 100%,A 94%,+6%p,
높음,분기비 불일치,200Rn,86,114,200,분기비,A 92%,A 86%,+6%p,[참조: 단건 API 최신값]
높음,분기비 불일치,211Fr,87,124,211,분기비,A 87%,A 80%,+7%p,
높음,분기비 불일치,211Fr,87,124,211,분기비,EC/B+ 13%,EC/B+ 20%,-7%p,
높음,분기비 불일치,221Fr,87,134,221,분기비,B- 0.0048%,B- 0.1%,-0.0952%p,
높음,분기비 불일치,208Ra,88,120,208,분기비,A 87%,A 95%,-8%p,
높음,분기비 불일치,211Ra,88,123,211,분기비,A 100%,A 93%,+7%p,
높음,분기비 불일치,212Ac,89,123,212,분기비,A 100%,A 95%,+5%p,
높음,분기비 불일치,229Pu,94,135,229,분기비,A 50%,A 100%,-50%p,
높음,분기비 불일치,229Am,95,134,229,분기비,A 100%,A 91%,+9%p,
높음,분기비 불일치,234Cm,96,138,234,분기비,SF 2%,SF 40%,-38%p,[참조: 단건 API 최신값]
높음,분기비 불일치,234Cm,96,138,234,분기비,A 27%,A 40%,-13%p,[참조: 단건 API 최신값]
높음,분기비 불일치,234Cm,96,138,234,분기비,EC/B+ 71%,EC/B+ 20%,+51%p,[참조: 단건 API 최신값]
높음,분기비 불일치,236Bk,97,139,236,분기비,EC/B+ 100%,EC/B+ 83%,+17%p,
높음,분기비 불일치,239Bk,97,142,239,분기비,SF <0.01%,SF 1%,-0.99%p,내 값은 한계값
높음,분기비 불일치,239Bk,97,142,239,분기비,A <0.01%,A 1%,-0.99%p,내 값은 한계값
높음,분기비 불일치,237Cf,98,139,237,분기비,SF 30%,SF 10%,+20%p,[참조: 단건 API 최신값]
높음,분기비 불일치,241Cf,98,143,241,분기비,A 15%,A 25%,-10%p,
높음,분기비 불일치,244Cf,98,146,244,분기비,A 75%,A 100%,-25%p,
높음,분기비 불일치,240Es,99,141,240,분기비,EC/B+ SF 0.16%,EC/B+ SF 4.8% ±1.8,-4.64%p,
높음,분기비 불일치,250Fm,100,150,250,분기비,A 100%,A 90%,+10%p,
높음,분기비 불일치,260Md,101,159,260,분기비,SF 100%,SF 42%,+58%p,
높음,분기비 불일치,260Md,101,159,260,분기비,A <5%,A 25%,-20%p,내 값은 한계값
높음,분기비 불일치,260Md,101,159,260,분기비,EC/B+ <5%,EC/B+ 23%,-18%p,내 값은 한계값
높음,분기비 불일치,251No,102,149,251,분기비,A 83%,A 91%,-8%p,[참조: 단건 API 최신값]
높음,분기비 불일치,257No,102,155,257,분기비,EC/B+ 15%,EC/B+ 30%,-15%p,
높음,분기비 불일치,252Lr,103,149,252,분기비,A 98%,A 40%,+58%p,
높음,분기비 불일치,253Lr,103,150,253,분기비,A 90%,A 98.7%,-8.7%p,
높음,분기비 불일치,260Lr,103,157,260,분기비,EC/B+ 20%,EC/B+ 40%,-20%p,
높음,분기비 불일치,253Rf,104,149,253,분기비,SF 100%,SF 83% ±6,+17%p,
높음,분기비 불일치,257Rf,104,153,257,분기비,A 89.3%,A 79.3% ±1.4,+10%p,
높음,분기비 불일치,257Rf,104,153,257,분기비,EC/B+ 9.4%,EC/B+ 19.4% ±1.4,-10%p,
높음,분기비 불일치,259Rf,104,155,259,분기비,A 85%,A 92% ±2,-7%p,[참조: 단건 API 최신값]
높음,분기비 불일치,259Rf,104,155,259,분기비,SF <3%,SF 8% ±2,-5%p,[참조: 단건 API 최신값] 내 값은 한계값
높음,분기비 불일치,255Db,105,150,255,분기비,SF 67%,SF 20%,+47%p,
높음,분기비 불일치,261Db,105,156,261,분기비,A 27%,A 82%,-55%p,
높음,분기비 불일치,261Db,105,156,261,분기비,SF 73%,SF 18%,+55%p,
높음,분기비 불일치,262Db,105,157,262,분기비,A 48%,A 67%,-19%p,
높음,분기비 불일치,270Db,105,165,270,분기비,SF 87%,SF 100%,-13%p,
높음,분기비 불일치,260Sg,106,154,260,분기비,SF 71%,SF 50%,+21%p,[참조: 단건 API 최신값]
높음,분기비 불일치,260Sg,106,154,260,분기비,A 29%,A 50%,-21%p,[참조: 단건 API 최신값]
높음,분기비 불일치,262Sg,106,156,262,분기비,SF 94%,SF 78%,+16%p,
높음,분기비 불일치,263Sg,106,157,263,분기비,A 87%,A 70%,+17%p,
높음,분기비 불일치,263Sg,106,157,263,분기비,SF 13%,SF 30%,-17%p,
높음,분기비 불일치,271Sg,106,165,271,분기비,A 42%,A 50%,-8%p,
높음,분기비 불일치,271Sg,106,165,271,분기비,SF 58%,SF 50%,+8%p,
높음,분기비 불일치,264Bh,107,157,264,분기비,A 86%,A 100%,-14%p,
높음,분기비 불일치,264Hs,108,156,264,분기비,A 70%,A 50%,+20%p,
높음,분기비 불일치,264Hs,108,156,264,분기비,SF 30%,SF 50%,-20%p,
높음,분기비 불일치,270Hs,108,162,270,분기비,A 100%,A 50%,+50%p,[참조: 단건 API 최신값]
높음,분기비 불일치,266Mt,109,157,266,분기비,A 100%,A 75%,+25%p,
높음,분기비 불일치,281Rg,111,170,281,분기비,SF 87%,SF 82%,+5%p,
높음,분기비 불일치,281Rg,111,170,281,분기비,A 13%,A 18%,-5%p,
높음,분기비 불일치,290Fl,114,176,290,분기비,EC/B+ <50%,EC/B+ 100%,-50%p,내 값은 한계값
높음,분기비 불일치,290Fl,114,176,290,분기비,A 100%,A 50%,+50%p,
높음,붕괴 모드 누락,10He,2,8,10,붕괴 방식,2N 100%,N 100%,,N 없음
높음,붕괴 모드 누락,6Be,4,2,6,붕괴 방식,2P 100%,"A 100%, 2P 100%",,A 없음
높음,붕괴 모드 누락,16Be,4,12,16,붕괴 방식,2N 100%,N 100%,,N 없음
높음,붕괴 모드 누락,31F,9,22,31,붕괴 방식,"B-, B-N, B-2N","B- 100%, B-7N, B-6N",,[참조: 단건 API 최신값] B-7N 없음
높음,붕괴 모드 누락,31F,9,22,31,붕괴 방식,"B-, B-N, B-2N","B- 100%, B-7N, B-6N",,[참조: 단건 API 최신값] B-6N 없음
높음,붕괴 모드 누락,31Ne,10,21,31,붕괴 방식,"B- 100%, B-N, B-2N","B- 100%, B-4N, B-3N",,[참조: 단건 API 최신값] B-4N 없음
높음,붕괴 모드 누락,31Ne,10,21,31,붕괴 방식,"B- 100%, B-N, B-2N","B- 100%, B-4N, B-3N",,[참조: 단건 API 최신값] B-3N 없음
높음,붕괴 모드 누락,35Na,11,24,35,붕괴 방식,"B- 100%, B-N, B-2N","B- 100%, B-N, B-4N",,[참조: 단건 API 최신값] B-4N 없음
높음,붕괴 모드 누락,37Mg,12,25,37,붕괴 방식,"B-, B-N, B-2N","B-N, N, B-",,[참조: 단건 API 최신값] N 없음
높음,붕괴 모드 누락,40Mg,12,28,40,붕괴 방식,"B-, B-N, B-2N","B- 100%, B-7N, B-6N",,B-7N 없음
높음,붕괴 모드 누락,40Mg,12,28,40,붕괴 방식,"B-, B-N, B-2N","B- 100%, B-7N, B-6N",,B-6N 없음
높음,붕괴 모드 누락,26S,16,10,26,붕괴 방식,2P,P,,P 없음
높음,붕괴 모드 누락,31K,19,12,31,붕괴 방식,3P 100%,P 100%,,P 없음
높음,붕괴 모드 누락,55K,19,36,55,붕괴 방식,"B-, B-N, B-2N","B- 100%, B-4N, B-3N",,[참조: 단건 API 최신값] B-4N 없음
높음,붕괴 모드 누락,55K,19,36,55,붕괴 방식,"B-, B-N, B-2N","B- 100%, B-4N, B-3N",,[참조: 단건 API 최신값] B-3N 없음
높음,붕괴 모드 누락,34Ca,20,14,34,붕괴 방식,2P,"2P, P",,[참조: 단건 API 최신값] P 없음
높음,붕괴 모드 누락,64V,23,41,64,붕괴 방식,"B- 100%, B-N, B-2N","B- 100%, B-3N, B-2N",,[참조: 단건 API 최신값] B-3N 없음
높음,붕괴 모드 누락,44Mn,25,19,44,붕괴 방식,P,"EC, P",,EC/B+ 없음
높음,붕괴 모드 누락,73Mn,25,48,73,붕괴 방식,B-,"B- 100%, B-N, B-2N",,B-N 없음
높음,붕괴 모드 누락,73Mn,25,48,73,붕괴 방식,B-,"B- 100%, B-N, B-2N",,B-2N 없음
높음,붕괴 모드 누락,47Fe,26,21,47,붕괴 방식,"EC+B+ 100%, B+P 88.4%","EC+B+ 100%, ECP, EC2P",,EC/B+ 2p 없음
높음,붕괴 모드 누락,76Fe,26,50,76,붕괴 방식,B-,"B- 100%, B-3N, B-2N",,[참조: 단건 API 최신값] B-3N 없음
높음,붕괴 모드 누락,76Fe,26,50,76,붕괴 방식,B-,"B- 100%, B-3N, B-2N",,[참조: 단건 API 최신값] B-2N 없음
높음,붕괴 모드 누락,78Co,27,51,78,붕괴 방식,B-,"B- 100%, B-4N, B-3N",,B-4N 없음
높음,붕괴 모드 누락,78Co,27,51,78,붕괴 방식,B-,"B- 100%, B-4N, B-3N",,B-3N 없음
높음,붕괴 모드 누락,69Ni,28,41,69,붕괴 방식,B- 100%,"B- 100%, B-N",,B-N 없음
높음,붕괴 모드 누락,81Ni,28,53,81,붕괴 방식,B-,"B- 100%, B-N, B-2N",,B-N 없음
높음,붕괴 모드 누락,81Ni,28,53,81,붕괴 방식,B-,"B- 100%, B-N, B-2N",,B-2N 없음
높음,붕괴 모드 누락,84Zn,30,54,84,붕괴 방식,"B- 100%, B-N 73%, B-2N","B- 100%, B-N 73%, B-3N",,B-3N 없음
높음,붕괴 모드 누락,62Ga,31,31,62,붕괴 방식,EC+B+ 100%,"EC+B+ 100%, ECP",,EC/B+ p 없음
높음,붕괴 모드 누락,64Ge,32,32,64,붕괴 방식,EC+B+ 100%,"EC+B+ 100%, ECP",,EC/B+ p 없음
높음,붕괴 모드 누락,98Br,35,63,98,붕괴 방식,"B-, B-N, B-2N","B- 100%, B-3N, B-2N",,[참조: 단건 API 최신값] B-3N 없음
높음,붕괴 모드 누락,72Rb,37,35,72,붕괴 방식,P,"EC+B+, P",,[참조: 단건 API 최신값] EC/B+ 없음
높음,붕괴 모드 누락,79Y,39,40,79,붕괴 방식,EC+B+ 100%,"EC+B+ 100%, ECP",,EC/B+ p 없음
높음,붕괴 모드 누락,80Y,39,41,80,붕괴 방식,EC+B+ 100%,"EC+B+ 100%, ECP",,EC/B+ p 없음
높음,붕괴 모드 누락,77Zr,40,37,77,붕괴 방식,"EC+B+, B+P, P","2P, EC+B+, ECP",,[참조: 단건 API 최신값] 2P 없음
높음,붕괴 모드 누락,80Zr,40,40,80,붕괴 방식,EC+B+ 100%,"EC+B+ 100%, ECP",,EC/B+ p 없음
높음,붕괴 모드 누락,84Nb,41,43,84,붕괴 방식,EC+B+ 100%,"EC+B+ 100%, ECP",,EC/B+ p 없음
높음,붕괴 모드 누락,116Nb,41,75,116,붕괴 방식,"B-, B-N, B-2N","B- 100%, B-N, B-3N",,[참조: 단건 API 최신값] B-3N 없음
높음,붕괴 모드 누락,92Ag,47,45,92,붕괴 방식,"EC+B+, P","P, EC+B+, ECP",,EC/B+ p 없음
높음,붕괴 모드 누락,96In,49,47,96,붕괴 방식,"EC+B+, P","ECP, EC+B+, P",,[참조: 단건 API 최신값] EC/B+ p 없음
높음,붕괴 모드 누락,104Te,52,52,104,붕괴 방식,A 100%,"A 100%, 2P",,2P 없음
높음,붕괴 모드 누락,108Xe,54,54,108,붕괴 방식,A 100%,"A 100%, 2P",,2P 없음
높음,붕괴 모드 누락,152Cs,55,97,152,붕괴 방식,"B-, B-N","B- 100%, B-N, B-2N",,B-2N 없음
높음,붕괴 모드 누락,118Ba,56,62,118,붕괴 방식,EC+B+ 100%,"EC+B+ 100%, ECP",,EC/B+ p 없음
높음,붕괴 모드 누락,154Ba,56,98,154,붕괴 방식,B- 100%,"B- 100%, B-N",,B-N 없음
높음,붕괴 모드 누락,157La,57,100,157,붕괴 방식,"B-, B-N","B- 100%, B-N, B-2N",,B-2N 없음
높음,붕괴 모드 누락,128Nd,60,68,128,붕괴 방식,EC+B+,"EC+B+ 100%, ECP",,EC/B+ p 없음
높음,붕괴 모드 누락,158Nd,60,98,158,붕괴 방식,B- 100%,"B- 100%, B-N",,B-N 없음
높음,붕괴 모드 누락,162Nd,60,102,162,붕괴 방식,B- 100%,"B- 100%, B-N",,B-N 없음
높음,붕괴 모드 누락,128Pm,61,67,128,붕괴 방식,"EC+B+ 100%, B+P, P 0%","EC 100%, A, ECP",,[참조: 단건 API 최신값] A 없음
높음,붕괴 모드 누락,163Sm,62,101,163,붕괴 방식,B- 100%,"B- 100%, B-N",,B-N 없음
높음,붕괴 모드 누락,166Sm,62,104,166,붕괴 방식,B- 100%,"B- 100%, B-N",,B-N 없음
높음,붕괴 모드 누락,169Eu,63,106,169,붕괴 방식,B-,"B- 100%, B-N",,B-N 없음
높음,붕괴 모드 누락,139Tb,65,74,139,붕괴 방식,"EC+B+ 100%, B+P","EC+B+, ECP, P",,P 없음
높음,붕괴 모드 누락,164Ho,67,97,164,붕괴 방식,"EC 61%, EC+B+ 39%","EC+B+ 60%, B- 40%",,B- 없음
높음,붕괴 모드 누락,174Ho,67,107,174,붕괴 방식,B- 100%,"B- 100%, B-N",,B-N 없음
높음,붕괴 모드 누락,177Ho,67,110,177,붕괴 방식,"B- 100%, N","B- 100%, B-N",,B-N 없음
높음,붕괴 모드 누락,152Yb,70,82,152,붕괴 방식,EC+B+ 100%,"EC+B+ 100%, B+P",,EC/B+ p 없음
높음,붕괴 모드 누락,187Lu,71,116,187,붕괴 방식,B-,"B- 100%, B-N",,B-N 없음
높음,붕괴 모드 누락,162Ta,73,89,162,붕괴 방식,"EC+B+ 99.93%, A 0.074%","EC+B+ 99.93%, A 0.074%, ECP",,EC/B+ p 없음
높음,붕괴 모드 누락,199Re,75,124,199,붕괴 방식,B-,"B-, B-N",,B-N 없음
높음,붕괴 모드 누락,178Os,76,102,178,붕괴 방식,EC+B+ 100%,"EC+B+ 100%, A",,A 없음
높음,붕괴 모드 누락,168Ir,77,91,168,붕괴 방식,"A 100%, EC+B+, B+P","A 100%, P, EC+B+",,[참조: 단건 API 최신값] P 없음
높음,붕괴 모드 누락,169Ir,77,92,169,붕괴 방식,"A 53%, EC+B+","A 45%, P, EC+B+",,[참조: 단건 API 최신값] P 없음
높음,붕괴 모드 누락,205Pt,78,127,205,붕괴 방식,B-,"B- 100%, B-N",,B-N 없음
높음,붕괴 모드 누락,173Au,79,94,173,붕괴 방식,"A 86%, EC+B+","A 94%, P, EC+B+",,P 없음
높음,붕괴 모드 누락,179Tl,81,98,179,붕괴 방식,"A 60%, EC+B+","A 100%, P, EC+B+",,[참조: 단건 API 최신값] P 없음
높음,붕괴 모드 누락,217U,92,125,217,붕괴 방식,"A 100%, B-","A 100%, EC+B+",,EC/B+ 없음
높음,붕괴 모드 누락,219Np,93,126,219,붕괴 방식,A 100%,"A 100%, P",,P 없음
높음,붕괴 모드 누락,257Es,99,158,257,붕괴 방식,"B- 100%, A","SF, B-",,[참조: 단건 API 최신값] SF 없음
높음,붕괴 모드 누락,246Md,101,145,246,붕괴 방식,A 100%,"A 100%, SF, EC+B+",,[참조: 단건 API 최신값] SF 없음
높음,붕괴 모드 누락,246Md,101,145,246,붕괴 방식,A 100%,"A 100%, SF, EC+B+",,[참조: 단건 API 최신값] EC/B+ 없음
높음,붕괴 모드 누락,249Md,101,148,249,붕괴 방식,"A 75%, EC+B+","A 75%, EC+B+ 25%, SF",,[참조: 단건 API 최신값] SF 없음
높음,붕괴 모드 누락,267Rf,104,163,267,붕괴 방식,SF 100%,"SF 100%, A 33.3%",,A 없음
높음,붕괴 모드 누락,267Db,105,162,267,붕괴 방식,SF 100%,"SF 100%, A 25%",,A 없음
높음,붕괴 모드 누락,267Bh,107,160,267,붕괴 방식,A 100%,"A 100%, SF 8%",,SF 없음
높음,붕괴 모드 누락,270Bh,107,163,270,붕괴 방식,A 100%,"A 100%, SF",,SF 없음
높음,붕괴 모드 누락,271Bh,107,164,271,붕괴 방식,A 100%,"A 100%, SF 25%",,SF 없음
높음,붕괴 모드 누락,274Bh,107,167,274,붕괴 방식,A 100%,"A 100%, SF",,SF 없음
높음,붕괴 모드 누락,269Hs,108,161,269,붕괴 방식,A 100%,"A 100%, SF 5%",,SF 없음
높음,붕괴 모드 누락,275Hs,108,167,275,붕괴 방식,A 100%,"A 100%, SF 20%",,SF 없음
높음,붕괴 모드 누락,274Mt,109,165,274,붕괴 방식,A 100%,"A 100%, SF",,SF 없음
높음,붕괴 모드 누락,275Mt,109,166,275,붕괴 방식,A 100%,"A 100%, SF 25%",,SF 없음
높음,붕괴 모드 누락,278Mt,109,169,278,붕괴 방식,A 100%,"A 100%, SF",,SF 없음
높음,붕괴 모드 누락,269Ds,110,159,269,붕괴 방식,A 100%,"A 100%, SF 25%",,SF 없음
높음,붕괴 모드 누락,273Ds,110,163,273,붕괴 방식,A 100%,"A 100%, SF 17%",,SF 없음
높음,붕괴 모드 누락,278Rg,111,167,278,붕괴 방식,A 100%,"A 100%, SF",,SF 없음
높음,붕괴 모드 누락,279Rg,111,168,279,붕괴 방식,A 100%,"A 100%, SF 25%",,SF 없음
높음,붕괴 모드 누락,282Rg,111,171,282,붕괴 방식,A 100%,"A 100%, SF",,SF 없음
높음,붕괴 모드 누락,277Cn,112,165,277,붕괴 방식,A 100%,"A 100%, SF 17%",,SF 없음
높음,붕괴 모드 누락,284Cn,112,172,284,붕괴 방식,SF 100%,"SF 100%, A 3%",,A 없음
높음,붕괴 모드 누락,285Cn,112,173,285,붕괴 방식,A 100%,"A 100%, SF 6%",,SF 없음
높음,붕괴 모드 누락,282Nh,113,169,282,붕괴 방식,A 100%,"A 100%, SF",,SF 없음
높음,붕괴 모드 누락,283Nh,113,170,283,붕괴 방식,A 100%,"A 100%, SF 25%",,SF 없음
높음,붕괴 모드 누락,285Nh,113,172,285,붕괴 방식,A 100%,"A 100%, SF 5%",,SF 없음
높음,붕괴 모드 누락,286Nh,113,173,286,붕괴 방식,A 100%,"A 100%, SF",,SF 없음
높음,붕괴 모드 누락,287Mc,115,172,287,붕괴 방식,A 100%,"A 100%, SF 25%",,SF 없음
높음,붕괴 모드 누락,289Mc,115,174,289,붕괴 방식,A 100%,"A 100%, SF 5%",,SF 없음
높음,붕괴 모드 누락,290Mc,115,175,290,붕괴 방식,A 100%,"A 100%, SF",,SF 없음
높음,붕괴 모드 누락,293Ts,117,176,293,붕괴 방식,A 100%,"A 100%, SF 6%",,SF 없음
중간,J^π 불일치,10N,7,3,10,J^π,"1-,2-",(1-),,
중간,J^π 불일치,13F,9,4,13,J^π,1/2+#,(5/2+),,
중간,J^π 불일치,29Ne,10,19,29,J^π,(3/2-),(3/2+),,
중간,J^π 불일치,32Na,11,21,32,J^π,(3-),"(3-,4-)",,
중간,J^π 불일치,35Al,13,22,35,J^π,"(5/2+,3/2+)",(5/2+),,
중간,J^π 불일치,23Si,14,9,23,J^π,3/2+#,(5/2)+,,
중간,J^π 불일치,43Cl,17,26,43,J^π,(3/2+),(1/2+),,
중간,J^π 불일치,45Cl,17,28,45,J^π,(3/2+),(1/2+),,
중간,J^π 불일치,49K,19,30,49,J^π,1/2+,"(1/2+,3/2+)",,
중간,J^π 불일치,59V,23,36,59,J^π,(5/2-),"(5/2-,3/2-)",,
중간,J^π 불일치,61V,23,38,61,J^π,(3/2-),"(3/2-,5/2-)",,
중간,J^π 불일치,63V,23,40,63,J^π,"(3/2-,5/2-)",7/2-,,
중간,J^π 불일치,64V,23,41,64,J^π,"(1,2)","(0,1,2)",,[참조: 단건 API 최신값]
중간,J^π 불일치,68Mn,25,43,68,J^π,(3),>3,,
중간,J^π 불일치,67Fe,26,41,67,J^π,(1/2-),(5/2+),,
중간,J^π 불일치,66Co,27,39,66,J^π,(1+),(3+),,
중간,J^π 불일치,70Co,27,43,70,J^π,(7-),"(6-,7-)",,[Co-70m와 비교] 
중간,J^π 불일치,72Co,27,45,72,J^π,"(6-,7-)","[6-,7-]",,
중간,J^π 불일치,72Cu,29,43,72,J^π,2-,(2),,
중간,J^π 불일치,78Cu,29,49,78,J^π,(6-),"(4-,5-,6-)",,
중간,J^π 불일치,78Ga,31,47,78,J^π,2-,(3+),,
중간,J^π 불일치,66As,33,33,66,J^π,0+,[0+],,
중간,J^π 불일치,84As,33,51,84,J^π,(2-),(3-),,
중간,J^π 불일치,85As,33,52,85,J^π,(5/2-),(3/2-),,
중간,J^π 불일치,87As,33,54,87,J^π,"(5/2-,3/2-)",(3/2-),,
중간,J^π 불일치,88Br,35,53,88,J^π,(1-),(2-),,
중간,J^π 불일치,89Br,35,54,89,J^π,"(3/2-,5/2-)",(5/2-),,
중간,J^π 불일치,100Y,39,61,100,J^π,1+#,(1)-,,[Y-100m와 비교] 
중간,J^π 불일치,102Y,39,63,102,J^π,(5-),"HIGH,J",,
중간,J^π 불일치,105Zr,40,65,105,J^π,1/2+#,[5/2+],,
중간,J^π 불일치,83Nb,41,42,83,J^π,9/2+#,(5/2+),,
중간,J^π 불일치,84Nb,41,43,84,J^π,(1+),"(1+,2+,3+)",,
중간,J^π 불일치,104Nb,41,63,104,J^π,"(0-,1-)",(1+),,[Nb-104m와 비교] 
중간,J^π 불일치,109Nb,41,68,109,J^π,3/2-#,(5/2+),,
중간,J^π 불일치,110Nb,41,69,110,J^π,5+#,(5),,
중간,J^π 불일치,85Mo,42,43,85,J^π,(1/2+),(1/2-),,
중간,J^π 불일치,107Mo,42,65,107,J^π,(1/2+),(5/2+),,
중간,J^π 불일치,109Mo,42,67,109,J^π,(1/2+),(5/2+),,
중간,J^π 불일치,111Mo,42,69,111,J^π,1/2+#,"(1/2+,3/2+)",,
중간,J^π 불일치,88Tc,43,45,88,J^π,(2+),"(5+,6+,7+)",,
중간,J^π 불일치,104Tc,43,61,104,J^π,(3-),(3+),,
중간,J^π 불일치,106Tc,43,63,106,J^π,"(1,2)(+#)","(1,2)",,
중간,J^π 불일치,110Tc,43,67,110,J^π,"(2+,3+)","(2,3+)",,
중간,J^π 불일치,114Tc,43,71,114,J^π,5+#,"(GE,4)",,
중간,J^π 불일치,115Ru,44,71,115,J^π,(1/2+),(3/2+),,
중간,J^π 불일치,92Rh,45,47,92,J^π,(6+),(GE6+),,[참조: 단건 API 최신값]
중간,J^π 불일치,102Rh,45,57,102,J^π,2-,"(1-,2-)",,
중간,J^π 불일치,117Pd,46,71,117,J^π,(3/2+),(5/2+),,
중간,J^π 불일치,118Ag,47,71,118,J^π,(2-),1(-),,
중간,J^π 불일치,120Ag,47,73,120,J^π,4(+),3(+),,
중간,J^π 불일치,124Ag,47,77,124,J^π,(2-),(3+),,
중간,J^π 불일치,104In,49,55,104,J^π,(5+),(6+),,
중간,J^π 불일치,124In,49,75,124,J^π,3+,(1)+,,
중간,J^π 불일치,134In,49,85,134,J^π,7-#,"(4-,TO,7-)",,
중간,J^π 불일치,101Sn,50,51,101,J^π,(7/2+),(5/2+),,
중간,J^π 불일치,140Sb,51,89,140,J^π,(3-),"(3-,4-)",,
중간,J^π 불일치,105Te,52,53,105,J^π,(7/2+),[5/2+],,
중간,J^π 불일치,137Te,52,85,137,J^π,3/2-#,(7/2-),,
중간,J^π 불일치,139Te,52,87,139,J^π,5/2-#,(7/2-),,
중간,J^π 불일치,108I,53,55,108,J^π,1+#,(1),,
중간,J^π 불일치,140I,53,87,140,J^π,(2-),(4-),,
중간,J^π 불일치,118Cs,55,63,118,J^π,2+,2(-),,
중간,J^π 불일치,117Ba,56,61,117,J^π,(3/2+),(3/2),,
중간,J^π 불일치,149Ba,56,93,149,J^π,3/2-#,"(5/2-,3/2-)",,
중간,J^π 불일치,117La,57,60,117,J^π,(3/2+),"(3/2+,3/2-)",,
중간,J^π 불일치,125La,57,68,125,J^π,11/2-#,(3/2+),,
중간,J^π 불일치,126La,57,69,126,J^π,5-#,"(4,5)",,
중간,J^π 불일치,146La,57,89,146,J^π,"(1-,2-)",(2-),,[La-146m와 비교] 
중간,J^π 불일치,149La,57,92,149,J^π,(3/2-),(3/2),,
중간,J^π 불일치,121Ce,58,63,121,J^π,5/2(+#),(5/2),,
중간,J^π 불일치,123Ce,58,65,123,J^π,(5/2)(+#),(5/2),,
중간,J^π 불일치,151Ce,58,93,151,J^π,(3/2-),(5/2+),,
중간,J^π 불일치,121Pr,59,62,121,J^π,(3/2)(+#),(3/2),,
중간,J^π 불일치,126Pr,59,67,126,J^π,"(4,5)","GE,4",,
중간,J^π 불일치,128Pr,59,69,128,J^π,(3+),"4,5,6",,
중간,J^π 불일치,130Pr,59,71,130,J^π,"(6,7)(+#)",(5+),,
중간,J^π 불일치,133Pr,59,74,133,J^π,5/2+,(3/2+),,
중간,J^π 불일치,125Nd,60,65,125,J^π,(5/2)(+#),(5/2),,
중간,J^π 불일치,129Nd,60,69,129,J^π,7/2-#,(5/2+),,
중간,J^π 불일치,128Pm,61,67,128,J^π,4+#,"5,6,7",,[참조: 단건 API 최신값]
중간,J^π 불일치,129Pm,61,68,129,J^π,5/2+#,(5/2-),,
중간,J^π 불일치,130Pm,61,69,130,J^π,"(5+,6+,4+)","(4,5,6)",,
중간,J^π 불일치,136Pm,61,75,136,J^π,7+#,(2),,
중간,J^π 불일치,154Pm,61,93,154,J^π,(4+),"(3,4)",,
중간,J^π 불일치,135Sm,62,73,135,J^π,(7/2+),"(3/2+,5/2+)",,
중간,J^π 불일치,136Eu,63,73,136,J^π,6+#,(7+),,
중간,J^π 불일치,137Eu,63,74,137,J^π,5/2+#,(11/2-),,
중간,J^π 불일치,138Eu,63,75,138,J^π,7-#,(6-),,[Eu-138m와 비교] 
중간,J^π 불일치,164Eu,63,101,164,J^π,3-#,(3),,
중간,J^π 불일치,137Gd,64,73,137,J^π,(7/2)(+#),(7/2),,
중간,J^π 불일치,163Gd,64,99,163,J^π,7/2+,"(5/2-,7/2+)",,
중간,J^π 불일치,145Tb,65,80,145,J^π,(11/2-),(3/2+),,
중간,J^π 불일치,154Tb,65,89,154,J^π,0-,0,,[Tb-154m와 비교] 
중간,J^π 불일치,166Tb,65,101,166,J^π,(1-),(2-),,
중간,J^π 불일치,140Ho,67,73,140,J^π,8+#,"(6-,0-,8+)",,
중간,J^π 불일치,150Lu,71,79,150,J^π,(5-),(2+),,
중간,J^π 불일치,157Lu,71,86,157,J^π,(1/2+),"(1/2+,3/2+)",,
중간,J^π 불일치,165Ta,73,92,165,J^π,"(1/2+,3/2+)",(9/2-),,
중간,J^π 불일치,168Ta,73,95,168,J^π,(3+),"(2-,3+)",,
중간,J^π 불일치,186Ta,73,113,186,J^π,3#,(3-),,
중간,J^π 불일치,192Ta,73,119,192,J^π,(2),"(1,2)",,
중간,J^π 불일치,167W,74,93,167,J^π,(5/2-),(+),,
중간,J^π 불일치,167Re,75,92,167,J^π,9/2-,(1/2+),,[참조: 단건 API 최신값]
중간,J^π 불일치,170Re,75,95,170,J^π,"(8-,9-)#",(5+),,
중간,J^π 불일치,172Re,75,97,172,J^π,(7+),(5+),,[Re-172m와 비교] 
중간,J^π 불일치,191Re,75,116,191,J^π,(3/2+),"(3/2+,1/2+)",,
중간,J^π 불일치,194Re,75,119,194,J^π,1-#,"(0+,1)",,
중간,J^π 불일치,195Re,75,120,195,J^π,5/2+#,[3/2-],,
중간,J^π 불일치,173Ir,77,96,173,J^π,"(1/2+,3/2+)","(3/2+,5/2+)",,
중간,J^π 불일치,174Ir,77,97,174,J^π,"(2+,3-)",(3+),,
중간,J^π 불일치,175Ir,77,98,175,J^π,(1/2+),(5/2-),,
중간,J^π 불일치,196Ir,77,119,196,J^π,"(1,2-)",(0-),,
중간,J^π 불일치,202Ir,77,125,202,J^π,(2-),"(1-,2-)",,
중간,J^π 불일치,179Au,79,100,179,J^π,1/2+,"(1/2+,3/2+)",,
중간,J^π 불일치,181Au,79,102,181,J^π,(5/2-),(3/2-),,
중간,J^π 불일치,206Au,79,127,206,J^π,6+#,"5+,6+",,
중간,J^π 불일치,176Tl,81,95,176,J^π,"(3-,4-)","(3-,4-,5-)",,
중간,J^π 불일치,180Tl,81,99,180,J^π,(4-),(5-),,
중간,J^π 불일치,182Tl,81,101,182,J^π,(4-),(7+),,
중간,J^π 불일치,181Pb,82,99,181,J^π,(9/2-),(13/2+),,
중간,J^π 불일치,195Bi,83,112,195,J^π,9/2-,[9/2-],,
중간,J^π 불일치,198Bi,83,115,198,J^π,3+,"(2+,3+)",,
중간,J^π 불일치,218Bi,83,135,218,J^π,8-#,"(6-,7-,8-)",,
중간,J^π 불일치,194At,85,109,194,J^π,(5-),"(4-,5-)",,
중간,J^π 불일치,206At,85,121,206,J^π,(6)+,(5)+,,
중간,J^π 불일치,218At,85,133,218,J^π,"(2-,3-)","(3-,2-)",,
중간,J^π 불일치,220At,85,135,220,J^π,3-#,3,,
중간,J^π 불일치,223Rn,86,137,223,J^π,7/2+,7/2,,
중간,J^π 불일치,227Rn,86,141,227,J^π,(3/2+),(5/2),,
중간,J^π 불일치,206Fr,87,119,206,J^π,3+,"(2+,3+)",,
중간,J^π 불일치,207Ra,88,119,207,J^π,5/2-#,"(3/2-,5/2-)",,
중간,J^π 불일치,221Ac,89,132,221,J^π,9/2-#,(3/2-),,
중간,J^π 불일치,226Ac,89,137,226,J^π,(1-),(1),,
중간,J^π 불일치,236Pa,91,145,236,J^π,1(-),1(+),,
중간,J^π 불일치,239Pa,91,148,239,J^π,1/2+#,(3/2),,
중간,J^π 불일치,231U,92,139,231,J^π,5/2+#,(5/2-),,
중간,J^π 불일치,231Np,93,138,231,J^π,5/2+#,(5/2-),,
중간,J^π 불일치,232Np,93,139,232,J^π,(5-),(4+),,
중간,J^π 불일치,243Np,93,150,243,J^π,5/2+#,(5/2),,
중간,J^π 불일치,251Cm,96,155,251,J^π,(3/2+),(1/2+),,
중간,J^π 불일치,236Bk,97,139,236,J^π,4+#,"(4+,6-)",,
중간,J^π 불일치,239Bk,97,142,239,J^π,(7/2+),"(3/2-,7/2+)",,
중간,J^π 불일치,248Bk,97,151,248,J^π,6+#,"(6+,8-)",,
중간,J^π 불일치,240Es,99,141,240,J^π,4-#,(1+),,
중간,J^π 불일치,247Es,99,148,247,J^π,(7/2+),(3/2-),,
중간,J^π 불일치,248Es,99,149,248,J^π,2-#,"(2-,0+)",,
중간,J^π 불일치,252Es,99,153,252,J^π,(4+),(5-),,
중간,J^π 불일치,256Es,99,157,256,J^π,0+#,"(1+,0-)",,[Es-256m와 비교] 
중간,J^π 불일치,255Lr,103,152,255,J^π,(1/2-),[1/2-],,
중간,J^π 불일치,253Rf,104,149,253,J^π,(7/2)(+#),(1/2+),,
중간,J^π 불일치,258Db,105,153,258,J^π,5+#,"(5+,6+)",,[Db-258m와 비교] 
중간,J^π 불일치,259Db,105,154,259,J^π,9/2+#,[9/2+],,
중간,J^π 추정(#) 표기 차이,19Mg,12,7,19,J^π,1/2-#,1/2-,,
중간,J^π 추정(#) 표기 차이,54K,19,35,54,J^π,2-#,2-,,
중간,J^π 추정(#) 표기 차이,63Cr,24,39,63,J^π,1/2-#,1/2-,,
중간,J^π 추정(#) 표기 차이,54Cu,29,25,54,J^π,3+#,3+,,
중간,J^π 추정(#) 표기 차이,64Ga,31,33,64,J^π,0(+#),0+,,
중간,J^π 추정(#) 표기 차이,63Ge,32,31,63,J^π,3/2-#,3/2-,,
중간,J^π 추정(#) 표기 차이,85Ge,32,53,85,J^π,"(3/2+,5/2+)#","(3/2+,5/2+)",,
중간,J^π 추정(#) 표기 차이,63As,33,30,63,J^π,3/2-#,3/2-,,
중간,J^π 추정(#) 표기 차이,113I,53,60,113,J^π,5/2+#,5/2+,,
중간,J^π 추정(#) 표기 차이,168Sm,62,106,168,J^π,0+#,0+,,
중간,J^π 추정(#) 표기 차이,172Gd,64,108,172,J^π,0+#,0+,,
중간,J^π 추정(#) 표기 차이,235Am,95,140,235,J^π,5/2-#,5/2-,,
중간,내 데이터에만 있음,13Li,3,10,13,커버리지,,,,LiveChart 바닥상태에 없음 — Z·N 오류이거나 미관측(이론 예측) 핵종이면 구분 표시 필요 · 내 데이터는 관측 핵종(발견 연도 있음) — LiveChart 스냅샷 이후 발견인지 확인
중간,내 데이터에만 있음,39Na,11,28,39,커버리지,,,,LiveChart 바닥상태에 없음 — Z·N 오류이거나 미관측(이론 예측) 핵종이면 구분 표시 필요 · 내 데이터는 관측 핵종(발견 연도 있음) — LiveChart 스냅샷 이후 발견인지 확인
중간,내 데이터에만 있음,47P,15,32,47,커버리지,,,,LiveChart 바닥상태에 없음 — Z·N 오류이거나 미관측(이론 예측) 핵종이면 구분 표시 필요 · 내 데이터는 관측 핵종(발견 연도 있음) — LiveChart 스냅샷 이후 발견인지 확인
중간,내 데이터에만 있음,47S,16,31,47,커버리지,,,,LiveChart 바닥상태에 없음 — Z·N 오류이거나 미관측(이론 예측) 핵종이면 구분 표시 필요 · 내 데이터는 관측 핵종(발견 연도 있음) — LiveChart 스냅샷 이후 발견인지 확인
중간,내 데이터에만 있음,49S,16,33,49,커버리지,,,,LiveChart 바닥상태에 없음 — Z·N 오류이거나 미관측(이론 예측) 핵종이면 구분 표시 필요 · 내 데이터는 관측 핵종(발견 연도 있음) — LiveChart 스냅샷 이후 발견인지 확인
중간,내 데이터에만 있음,28Cl,17,11,28,커버리지,,,,LiveChart 바닥상태에 없음 — Z·N 오류이거나 미관측(이론 예측) 핵종이면 구분 표시 필요 · 내 데이터는 관측 핵종(발견 연도 있음) — LiveChart 스냅샷 이후 발견인지 확인
중간,내 데이터에만 있음,29Ar,18,11,29,커버리지,,,,LiveChart 바닥상태에 없음 — Z·N 오류이거나 미관측(이론 예측) 핵종이면 구분 표시 필요 · 내 데이터는 관측 핵종(발견 연도 있음) — LiveChart 스냅샷 이후 발견인지 확인
중간,내 데이터에만 있음,54Ar,18,36,54,커버리지,,,,LiveChart 바닥상태에 없음 — Z·N 오류이거나 미관측(이론 예측) 핵종이면 구분 표시 필요 · 내 데이터는 관측 핵종(발견 연도 있음) — LiveChart 스냅샷 이후 발견인지 확인
중간,내 데이터에만 있음,57K,19,38,57,커버리지,,,,LiveChart 바닥상태에 없음 — Z·N 오류이거나 미관측(이론 예측) 핵종이면 구분 표시 필요 · 내 데이터는 관측 핵종(발견 연도 있음) — LiveChart 스냅샷 이후 발견인지 확인
중간,내 데이터에만 있음,58K,19,39,58,커버리지,,,,LiveChart 바닥상태에 없음 — Z·N 오류이거나 미관측(이론 예측) 핵종이면 구분 표시 필요 · 내 데이터는 관측 핵종(발견 연도 있음) — LiveChart 스냅샷 이후 발견인지 확인
중간,내 데이터에만 있음,59K,19,40,59,커버리지,,,,LiveChart 바닥상태에 없음 — Z·N 오류이거나 미관측(이론 예측) 핵종이면 구분 표시 필요 · 내 데이터는 관측 핵종(발견 연도 있음) — LiveChart 스냅샷 이후 발견인지 확인
중간,내 데이터에만 있음,59Ca,20,39,59,커버리지,,,,LiveChart 바닥상태에 없음 — Z·N 오류이거나 미관측(이론 예측) 핵종이면 구분 표시 필요 · 내 데이터는 관측 핵종(발견 연도 있음) — LiveChart 스냅샷 이후 발견인지 확인
중간,내 데이터에만 있음,60Ca,20,40,60,커버리지,,,,LiveChart 바닥상태에 없음 — Z·N 오류이거나 미관측(이론 예측) 핵종이면 구분 표시 필요 · 내 데이터는 관측 핵종(발견 연도 있음) — LiveChart 스냅샷 이후 발견인지 확인
중간,내 데이터에만 있음,60Sc,21,39,60,커버리지,,,,LiveChart 바닥상태에 없음 — Z·N 오류이거나 미관측(이론 예측) 핵종이면 구분 표시 필요 · 내 데이터는 관측 핵종(발견 연도 있음) — LiveChart 스냅샷 이후 발견인지 확인
중간,내 데이터에만 있음,62Sc,21,41,62,커버리지,,,,LiveChart 바닥상태에 없음 — Z·N 오류이거나 미관측(이론 예측) 핵종이면 구분 표시 필요 · 내 데이터는 관측 핵종(발견 연도 있음) — LiveChart 스냅샷 이후 발견인지 확인
중간,내 데이터에만 있음,71Mn,25,46,71,커버리지,,,,LiveChart 바닥상태에 없음 — Z·N 오류이거나 미관측(이론 예측) 핵종이면 구분 표시 필요 · 내 데이터는 관측 핵종(발견 연도 있음) — LiveChart 스냅샷 이후 발견인지 확인
중간,내 데이터에만 있음,252Bk,97,155,252,커버리지,,,,LiveChart 바닥상태에 없음 — Z·N 오류이거나 미관측(이론 예측) 핵종이면 구분 표시 필요 · 내 데이터는 관측 핵종(발견 연도 있음) — LiveChart 스냅샷 이후 발견인지 확인
중간,내 데이터에만 있음,293Og,118,175,293,커버리지,,,,LiveChart 바닥상태에 없음 — Z·N 오류이거나 미관측(이론 예측) 핵종이면 구분 표시 필요 · 내 데이터는 관측 핵종(발견 연도 있음) — LiveChart 스냅샷 이후 발견인지 확인
중간,내 데이터에만 있음,295Og,118,177,295,커버리지,,,,LiveChart 바닥상태에 없음 — Z·N 오류이거나 미관측(이론 예측) 핵종이면 구분 표시 필요 · 내 데이터는 관측 핵종(발견 연도 있음) — LiveChart 스냅샷 이후 발견인지 확인
중간,바닥·이성질체 배정 차이,138Pm,61,77,138,상태 배정,바닥 3.24 ± 0.05 min / Pm-138m 10 ± 2 s,10 s ±2,,LiveChart 바닥상태 = 내 Pm-138m (반감기 일치). NUBASE에 순서 표시 없음(참조 J^π가 이 이성질체와 같음) — 어느 상태가 바닥상태인지 출처 확인. 반감기·붕괴·J^π는 Pm-138m와 비교함
중간,바닥·이성질체 배정 차이,146Tm,69,77,146,상태 배정,바닥 155 ± 20 ms / Tm-146m 73 ± 7 ms,68 ms ±3,,LiveChart 바닥상태 = 내 Tm-146m (반감기 일치). NUBASE에 순서 표시 없음(참조 J^π가 이 이성질체와 같음) — 어느 상태가 바닥상태인지 출처 확인. 반감기·붕괴·J^π는 Tm-146m와 비교함
중간,바닥·이성질체 배정 차이,209Th,90,119,209,상태 배정,바닥 60# ms / Th-209m 3.1 ± 1.2 ms,2.5 ms ±1.2,,LiveChart 바닥상태 = 내 Th-209m (반감기 일치). NUBASE에 순서 표시 없음(참조 J^π가 이 이성질체와 같음) — 어느 상태가 바닥상태인지 출처 확인. 반감기·붕괴·J^π는 Th-209m와 비교함
중간,반감기 누락,13F,9,4,13,반감기,미상,1.01 MeV (폭 → 451.72 ys),,
중간,반감기 누락,39Sc,21,18,39,반감기,미상,<300 ns,,
중간,분기비 불일치,11Be,4,7,11,분기비,B-A 3.3%,B-A 3.1%,+0.2%p,
중간,분기비 불일치,19B,5,14,19,분기비,B-N 71%,B-N 71.8%,-0.8%p,
중간,분기비 불일치,19B,5,14,19,분기비,B-2N 17%,B-2N 16%,+1%p,
중간,분기비 불일치,17Ne,10,7,17,분기비,EC/B+ α 3.51%,EC/B+ α 2.77% ±0.19,+0.74%p,
중간,분기비 불일치,20Na,11,9,20,분기비,EC/B+ α 25%,EC/B+ α 20.05% ±0.2,+4.95%p,
중간,분기비 불일치,23Al,13,10,23,분기비,EC/B+ p 1.22%,EC/B+ p 1.04% ±0.03,+0.18%p,
중간,분기비 불일치,36Si,14,22,36,분기비,B-N 12%,B-N 10%,+2%p,
중간,분기비 불일치,53K,19,34,53,분기비,B-N 64%,B-N 67%,-3%p,
중간,분기비 불일치,40Ti,22,18,40,분기비,EC/B+ p 95.8%,EC/B+ p 100%,-4.2%p,
중간,분기비 불일치,61V,23,38,61,분기비,B-N 14.5%,B-N 10%,+4.5%p,
중간,분기비 불일치,87Se,34,53,87,분기비,B-N 0.6%,B-N 0.36% ±0.08,+0.24%p,
중간,분기비 불일치,71Kr,36,35,71,분기비,EC/B+ p 2.1%,EC/B+ p 3.06% ±0.27,-0.96%p,
중간,분기비 불일치,101Sr,38,63,101,분기비,B-N 2.75%,B-N 2.37% ±0.14,+0.38%p,
중간,분기비 불일치,95Cd,48,47,95,분기비,EC/B+ p 4.6%,EC/B+ p 4.5%,+0.1%p,
중간,분기비 불일치,97In,49,48,97,분기비,EC/B+ p 2.3%,EC/B+ p 1.7%,+0.6%p,
중간,분기비 불일치,132In,49,83,132,분기비,B-N 12.3%,B-N 7.4% ±1.4,+4.9%p,
중간,분기비 불일치,108I,53,55,108,분기비,P 0.5%,P 1%,-0.5%p,
중간,분기비 불일치,111Xe,54,57,111,분기비,A 10.4%,A 8%,+2.4%p,
중간,분기비 불일치,142Xe,54,88,142,분기비,B-N 0.37%,B-N 0.21% ±0.06,+0.16%p,
중간,분기비 불일치,145Cs,55,90,145,분기비,B-N 12.8%,B-N 14.7% ±0.9,-1.9%p,
중간,분기비 불일치,149Tm,69,80,149,분기비,EC/B+ p 0.26%,EC/B+ p 0.2%,+0.06%p,
중간,분기비 불일치,150Tm,69,81,150,분기비,EC/B+ p 1.1%,EC/B+ p 1.2%,-0.1%p,[Tm-150m와 비교] 
중간,분기비 불일치,162Os,76,86,162,분기비,A 100%,A 99%,+1%p,
중간,분기비 불일치,173Ir,77,96,173,분기비,EC/B+ 96.5%,EC/B+ 93%,+3.5%p,
중간,분기비 불일치,173Ir,77,96,173,분기비,A 3.5%,A 7%,-3.5%p,
중간,분기비 불일치,180Pt,78,102,180,분기비,A 0.52%,A 0.3%,+0.22%p,
중간,분기비 불일치,175Au,79,96,175,분기비,A 88%,A 90%,-2%p,
중간,분기비 불일치,180Au,79,101,180,분기비,EC/B+ 99.42%,EC/B+ 98.2%,+1.22%p,
중간,분기비 불일치,181Tl,81,100,181,분기비,A 8.6%,A 10%,-1.4%p,
중간,분기비 불일치,182Pb,82,100,182,분기비,A 100%,A 98%,+2%p,
중간,분기비 불일치,186Bi,83,103,186,분기비,A 100%,A 95.5%,+4.5%p,
중간,분기비 불일치,213Bi,83,130,213,분기비,A 2.09%,A 2.14% ±0.01,-0.05%p,
중간,분기비 불일치,196Po,84,112,196,분기비,A 94%,A 98%,-4%p,
중간,분기비 불일치,217Po,84,133,217,분기비,A 97.5%,A 95%,+2.5%p,
중간,분기비 불일치,217Po,84,133,217,분기비,B- 2.5%,B- 5%,-2.5%p,
중간,분기비 불일치,196At,85,111,196,분기비,A 97.5%,A 95.1%,+2.4%p,
중간,분기비 불일치,206Fr,87,119,206,분기비,A 88.4%,A 84%,+4.4%p,
중간,분기비 불일치,206Fr,87,119,206,분기비,EC/B+ 11.6%,EC/B+ 16%,-4.4%p,
중간,분기비 불일치,210Ra,88,122,210,분기비,A 100%,A 96%,+4%p,
중간,분기비 불일치,208Ac,89,119,208,분기비,A 100%,A 99%,+1%p,
중간,분기비 불일치,224Ac,89,135,224,분기비,A 9.5%,A 9.1%,+0.4%p,
중간,분기비 불일치,216Pa,91,125,216,분기비,A 100%,A 98%,+2%p,
중간,분기비 불일치,228U,92,136,228,분기비,A 97.5%,A 95%,+2.5%p,
중간,분기비 불일치,228U,92,136,228,분기비,EC/B+ 2.5%,EC/B+ 5%,-2.5%p,
중간,분기비 불일치,236Np,93,143,236,분기비,EC/B+ 86.3%,EC/B+ 87.8% ±0.2,-1.5%p,
중간,분기비 불일치,236Np,93,143,236,분기비,B- 13.5%,B- 12% ±0.1,+1.5%p,
중간,분기비 불일치,231Pu,94,137,231,분기비,A 13%,A 10%,+3%p,
중간,분기비 불일치,239Bk,97,142,239,분기비,EC/B+ 100%,EC/B+ 99%,+1%p,
중간,분기비 불일치,238Cf,98,140,238,분기비,SF 97.5%,SF 95%,+2.5%p,
중간,분기비 불일치,238Cf,98,140,238,분기비,A 2.5%,A 5%,-2.5%p,
중간,분기비 불일치,240Cf,98,142,240,분기비,SF 1.5%,SF 2%,-0.5%p,
중간,분기비 불일치,244Es,99,145,244,분기비,EC/B+ 95%,EC/B+ 96%,-1%p,
중간,분기비 불일치,244Es,99,145,244,분기비,A 5%,A 4%,+1%p,
중간,분기비 불일치,250Es,99,151,250,분기비,EC/B+ 100%,EC/B+ 97%,+3%p,
중간,분기비 불일치,252No,102,150,252,분기비,A 67.6%,A 65.3% ±0.5,+2.3%p,
중간,분기비 불일치,252No,102,150,252,분기비,SF 31.3%,SF 33% ±0.8,-1.7%p,
중간,분기비 불일치,253Lr,103,150,253,분기비,SF 1%,SF 1.3%,-0.3%p,
중간,분기비 불일치,261Sg,106,155,261,분기비,A 98.1%,A 100%,-1.9%p,
중간,분기비 불일치,261Sg,106,155,261,분기비,SF 0.6%,SF 1%,-0.4%p,
중간,분기비 불일치,279Ds,110,169,279,분기비,A 12%,A 12.5%,-0.5%p,
중간,분기비 불일치,281Ds,110,171,281,분기비,SF 90%,SF 94%,-4%p,
중간,분기비 불일치,281Ds,110,171,281,분기비,A 10%,A 6%,+4%p,
중간,분기비 불일치,283Cn,112,171,283,분기비,A 81%,A 85%,-4%p,
중간,분기비 불일치,283Cn,112,171,283,분기비,SF 19%,SF 15%,+4%p,
중간,분기비 불일치,286Fl,114,172,286,분기비,A 59%,A 60%,-1%p,
중간,분기비 불일치,286Fl,114,172,286,분기비,SF 41%,SF 40%,+1%p,
중간,분기비 합 ≠ 100%,54Zn,30,24,54,분기비,합 87%,,,β⁻n 등 지연 입자 방출은 부분집합이라 합에서 제외. EC+β⁺ 합계가 있으면 그 내역도 제외
중간,분기비 합 ≠ 100%,151Ho,67,84,151,분기비,합 110%,,,β⁻n 등 지연 입자 방출은 부분집합이라 합에서 제외. EC+β⁺ 합계가 있으면 그 내역도 제외
중간,분기비 합 ≠ 100%,164Ho,67,97,164,분기비,합 39%,,,β⁻n 등 지연 입자 방출은 부분집합이라 합에서 제외. EC+β⁺ 합계가 있으면 그 내역도 제외
중간,분기비 합 ≠ 100%,157Hf,72,85,157,분기비,합 108%,,,β⁻n 등 지연 입자 방출은 부분집합이라 합에서 제외. EC+β⁺ 합계가 있으면 그 내역도 제외
중간,분기비 합 ≠ 100%,182Pt,78,104,182,분기비,합 1%,,,β⁻n 등 지연 입자 방출은 부분집합이라 합에서 제외. EC+β⁺ 합계가 있으면 그 내역도 제외
중간,분기비 합 ≠ 100%,194At,85,109,194,분기비,합 108.3%,,,β⁻n 등 지연 입자 방출은 부분집합이라 합에서 제외. EC+β⁺ 합계가 있으면 그 내역도 제외
중간,분기비 합 ≠ 100%,229Pu,94,135,229,분기비,합 107%,,,β⁻n 등 지연 입자 방출은 부분집합이라 합에서 제외. EC+β⁺ 합계가 있으면 그 내역도 제외
중간,분기비 합 ≠ 100%,245Fm,100,145,245,분기비,합 107.3%,,,β⁻n 등 지연 입자 방출은 부분집합이라 합에서 제외. EC+β⁺ 합계가 있으면 그 내역도 제외
중간,분기비 합 ≠ 100%,246Fm,100,146,246,분기비,합 101.3%,,,β⁻n 등 지연 입자 방출은 부분집합이라 합에서 제외. EC+β⁺ 합계가 있으면 그 내역도 제외
중간,분기비 합 ≠ 100%,256Md,101,155,256,분기비,합 103%,,,β⁻n 등 지연 입자 방출은 부분집합이라 합에서 제외. EC+β⁺ 합계가 있으면 그 내역도 제외
중간,분기비 합 ≠ 100%,260Md,101,159,260,분기비,합 113.5%,,,β⁻n 등 지연 입자 방출은 부분집합이라 합에서 제외. EC+β⁺ 합계가 있으면 그 내역도 제외
중간,분기비 합 ≠ 100%,259No,102,157,259,분기비,합 110%,,,β⁻n 등 지연 입자 방출은 부분집합이라 합에서 제외. EC+β⁺ 합계가 있으면 그 내역도 제외
중간,분기비 합 ≠ 100%,254Rf,104,150,254,분기비,합 101.5%,,,β⁻n 등 지연 입자 방출은 부분집합이라 합에서 제외. EC+β⁺ 합계가 있으면 그 내역도 제외
중간,분기비 합 ≠ 100%,255Rf,104,151,255,분기비,합 106%,,,β⁻n 등 지연 입자 방출은 부분집합이라 합에서 제외. EC+β⁺ 합계가 있으면 그 내역도 제외
중간,분기비 합 ≠ 100%,259Rf,104,155,259,분기비,합 103%,,,[참조: 단건 API 최신값] β⁻n 등 지연 입자 방출은 부분집합이라 합에서 제외. EC+β⁺ 합계가 있으면 그 내역도 제외
중간,분기비 합 ≠ 100%,266Sg,106,160,266,분기비,합 90%,,,[참조: 단건 API 최신값] β⁻n 등 지연 입자 방출은 부분집합이라 합에서 제외. EC+β⁺ 합계가 있으면 그 내역도 제외
중간,분기비 합 ≠ 100%,262Bh,107,155,262,분기비,합 120%,,,β⁻n 등 지연 입자 방출은 부분집합이라 합에서 제외. EC+β⁺ 합계가 있으면 그 내역도 제외
중간,분기비 합 ≠ 100%,290Nh,113,177,290,분기비,합 150%,,,β⁻n 등 지연 입자 방출은 부분집합이라 합에서 제외. EC+β⁺ 합계가 있으면 그 내역도 제외
중간,분기비 합 ≠ 100%,285Fl,114,171,285,분기비,합 120%,,,β⁻n 등 지연 입자 방출은 부분집합이라 합에서 제외. EC+β⁺ 합계가 있으면 그 내역도 제외
중간,소분기 누락,72Kr,36,36,72,붕괴 방식,EC+B+ 100%,"EC+B+ 100%, ECP 1e-06%",,EC/B+ p 없음
중간,소분기 누락,115Xe,54,61,115,붕괴 방식,"EC+B+ 100%, B+P 0.34%","EC+B+ 100%, B+P 0.34%, A 0.0003%",,A 없음
중간,소분기 누락,146La,57,89,146,붕괴 방식,B- 100%,"B- 100%, B-N 0.007%",,[La-146m와 비교] B-N 없음
중간,소분기 누락,225Ra,88,137,225,붕괴 방식,B- 100%,"B- 100%, A 0.026%",,A 없음
중간,소분기 누락,242Am,95,147,242,붕괴 방식,"B- 82.7%, EC 17.3%","B- 83%, EC 17%, A 0.0001%",,A 없음
중간,소분기 누락,249No,102,147,249,붕괴 방식,"EC+B+, A","A 100%, SF 0.23%, EC+B+",,[참조: 단건 API 최신값] SF 없음
중간,안정인데 붕괴 모드 있음,36Ar,18,18,36,붕괴 방식,2B+,STABLE,,세기 미상(?) — NUBASE는 에너지상 가능하지만 관측 안 된 모드를 '?'로 적음. 화면에서 '미관측 모드'임을 알 수 있는지 확인
중간,안정인데 붕괴 모드 있음,40Ca,20,20,40,붕괴 방식,2B+,STABLE,,세기 미상(?) — NUBASE는 에너지상 가능하지만 관측 안 된 모드를 '?'로 적음. 화면에서 '미관측 모드'임을 알 수 있는지 확인
중간,안정인데 붕괴 모드 있음,46Ca,20,26,46,붕괴 방식,2B-,STABLE,,세기 미상(?) — NUBASE는 에너지상 가능하지만 관측 안 된 모드를 '?'로 적음. 화면에서 '미관측 모드'임을 알 수 있는지 확인
중간,안정인데 붕괴 모드 있음,54Fe,26,28,54,붕괴 방식,2B+,STABLE,,세기 미상(?) — NUBASE는 에너지상 가능하지만 관측 안 된 모드를 '?'로 적음. 화면에서 '미관측 모드'임을 알 수 있는지 확인
중간,안정인데 붕괴 모드 있음,58Ni,28,30,58,붕괴 방식,2B+,STABLE,,세기 미상(?) — NUBASE는 에너지상 가능하지만 관측 안 된 모드를 '?'로 적음. 화면에서 '미관측 모드'임을 알 수 있는지 확인
중간,안정인데 붕괴 모드 있음,64Zn,30,34,64,붕괴 방식,2B+,STABLE,,세기 미상(?) — NUBASE는 에너지상 가능하지만 관측 안 된 모드를 '?'로 적음. 화면에서 '미관측 모드'임을 알 수 있는지 확인
중간,안정인데 붕괴 모드 있음,74Se,34,40,74,붕괴 방식,2B+,STABLE,,세기 미상(?) — NUBASE는 에너지상 가능하지만 관측 안 된 모드를 '?'로 적음. 화면에서 '미관측 모드'임을 알 수 있는지 확인
중간,안정인데 붕괴 모드 있음,78Kr,36,42,78,붕괴 방식,2B+,STABLE,,세기 미상(?) — NUBASE는 에너지상 가능하지만 관측 안 된 모드를 '?'로 적음. 화면에서 '미관측 모드'임을 알 수 있는지 확인
중간,안정인데 붕괴 모드 있음,86Kr,36,50,86,붕괴 방식,2B-,STABLE,,세기 미상(?) — NUBASE는 에너지상 가능하지만 관측 안 된 모드를 '?'로 적음. 화면에서 '미관측 모드'임을 알 수 있는지 확인
중간,안정인데 붕괴 모드 있음,84Sr,38,46,84,붕괴 방식,2B+,STABLE,,세기 미상(?) — NUBASE는 에너지상 가능하지만 관측 안 된 모드를 '?'로 적음. 화면에서 '미관측 모드'임을 알 수 있는지 확인
중간,안정인데 붕괴 모드 있음,94Zr,40,54,94,붕괴 방식,2B-,STABLE,,세기 미상(?) — NUBASE는 에너지상 가능하지만 관측 안 된 모드를 '?'로 적음. 화면에서 '미관측 모드'임을 알 수 있는지 확인
중간,안정인데 붕괴 모드 있음,92Mo,42,50,92,붕괴 방식,2B+,STABLE,,세기 미상(?) — NUBASE는 에너지상 가능하지만 관측 안 된 모드를 '?'로 적음. 화면에서 '미관측 모드'임을 알 수 있는지 확인
중간,안정인데 붕괴 모드 있음,98Mo,42,56,98,붕괴 방식,2B-,STABLE,,세기 미상(?) — NUBASE는 에너지상 가능하지만 관측 안 된 모드를 '?'로 적음. 화면에서 '미관측 모드'임을 알 수 있는지 확인
중간,안정인데 붕괴 모드 있음,96Ru,44,52,96,붕괴 방식,2B+,STABLE,,세기 미상(?) — NUBASE는 에너지상 가능하지만 관측 안 된 모드를 '?'로 적음. 화면에서 '미관측 모드'임을 알 수 있는지 확인
중간,안정인데 붕괴 모드 있음,104Ru,44,60,104,붕괴 방식,2B-,STABLE,,세기 미상(?) — NUBASE는 에너지상 가능하지만 관측 안 된 모드를 '?'로 적음. 화면에서 '미관측 모드'임을 알 수 있는지 확인
중간,안정인데 붕괴 모드 있음,102Pd,46,56,102,붕괴 방식,2B+,STABLE,,세기 미상(?) — NUBASE는 에너지상 가능하지만 관측 안 된 모드를 '?'로 적음. 화면에서 '미관측 모드'임을 알 수 있는지 확인
중간,안정인데 붕괴 모드 있음,110Pd,46,64,110,붕괴 방식,2B-,STABLE,,세기 미상(?) — NUBASE는 에너지상 가능하지만 관측 안 된 모드를 '?'로 적음. 화면에서 '미관측 모드'임을 알 수 있는지 확인
중간,안정인데 붕괴 모드 있음,108Cd,48,60,108,붕괴 방식,2B+,STABLE,,세기 미상(?) — NUBASE는 에너지상 가능하지만 관측 안 된 모드를 '?'로 적음. 화면에서 '미관측 모드'임을 알 수 있는지 확인
중간,안정인데 붕괴 모드 있음,112Sn,50,62,112,붕괴 방식,2B+,STABLE,,세기 미상(?) — NUBASE는 에너지상 가능하지만 관측 안 된 모드를 '?'로 적음. 화면에서 '미관측 모드'임을 알 수 있는지 확인
중간,안정인데 붕괴 모드 있음,122Sn,50,72,122,붕괴 방식,2B-,STABLE,,세기 미상(?) — NUBASE는 에너지상 가능하지만 관측 안 된 모드를 '?'로 적음. 화면에서 '미관측 모드'임을 알 수 있는지 확인
중간,안정인데 붕괴 모드 있음,124Sn,50,74,124,붕괴 방식,2B-,STABLE,,세기 미상(?) — NUBASE는 에너지상 가능하지만 관측 안 된 모드를 '?'로 적음. 화면에서 '미관측 모드'임을 알 수 있는지 확인
중간,안정인데 붕괴 모드 있음,120Te,52,68,120,붕괴 방식,2B+,STABLE,,세기 미상(?) — NUBASE는 에너지상 가능하지만 관측 안 된 모드를 '?'로 적음. 화면에서 '미관측 모드'임을 알 수 있는지 확인
중간,안정인데 붕괴 모드 있음,126Xe,54,72,126,붕괴 방식,2B+,STABLE,,세기 미상(?) — NUBASE는 에너지상 가능하지만 관측 안 된 모드를 '?'로 적음. 화면에서 '미관측 모드'임을 알 수 있는지 확인
중간,안정인데 붕괴 모드 있음,130Ba,56,74,130,붕괴 방식,2B+,STABLE,,세기 미상(?) — NUBASE는 에너지상 가능하지만 관측 안 된 모드를 '?'로 적음. 화면에서 '미관측 모드'임을 알 수 있는지 확인
중간,안정인데 붕괴 모드 있음,142Ce,58,84,142,붕괴 방식,"A, 2B-",>5E+16 Y,,세기 미상(?) — NUBASE는 에너지상 가능하지만 관측 안 된 모드를 '?'로 적음. 화면에서 '미관측 모드'임을 알 수 있는지 확인
중간,안정인데 붕괴 모드 있음,145Nd,60,85,145,붕괴 방식,A,STABLE,,세기 미상(?) — NUBASE는 에너지상 가능하지만 관측 안 된 모드를 '?'로 적음. 화면에서 '미관측 모드'임을 알 수 있는지 확인
중간,안정인데 붕괴 모드 있음,146Nd,60,86,146,붕괴 방식,"2B-, A",STABLE,,세기 미상(?) — NUBASE는 에너지상 가능하지만 관측 안 된 모드를 '?'로 적음. 화면에서 '미관측 모드'임을 알 수 있는지 확인
중간,안정인데 붕괴 모드 있음,148Nd,60,88,148,붕괴 방식,A,STABLE,,세기 미상(?) — NUBASE는 에너지상 가능하지만 관측 안 된 모드를 '?'로 적음. 화면에서 '미관측 모드'임을 알 수 있는지 확인
중간,안정인데 붕괴 모드 있음,144Sm,62,82,144,붕괴 방식,2B+,STABLE,,세기 미상(?) — NUBASE는 에너지상 가능하지만 관측 안 된 모드를 '?'로 적음. 화면에서 '미관측 모드'임을 알 수 있는지 확인
중간,안정인데 붕괴 모드 있음,149Sm,62,87,149,붕괴 방식,A,STABLE,,세기 미상(?) — NUBASE는 에너지상 가능하지만 관측 안 된 모드를 '?'로 적음. 화면에서 '미관측 모드'임을 알 수 있는지 확인
중간,안정인데 붕괴 모드 있음,154Sm,62,92,154,붕괴 방식,2B-,STABLE,,세기 미상(?) — NUBASE는 에너지상 가능하지만 관측 안 된 모드를 '?'로 적음. 화면에서 '미관측 모드'임을 알 수 있는지 확인
중간,안정인데 붕괴 모드 있음,160Gd,64,96,160,붕괴 방식,2B-,STABLE,,세기 미상(?) — NUBASE는 에너지상 가능하지만 관측 안 된 모드를 '?'로 적음. 화면에서 '미관측 모드'임을 알 수 있는지 확인
중간,안정인데 붕괴 모드 있음,156Dy,66,90,156,붕괴 방식,A,STABLE,,세기 미상(?) — NUBASE는 에너지상 가능하지만 관측 안 된 모드를 '?'로 적음. 화면에서 '미관측 모드'임을 알 수 있는지 확인
중간,안정인데 붕괴 모드 있음,158Dy,66,92,158,붕괴 방식,"A, 2B+",STABLE,,세기 미상(?) — NUBASE는 에너지상 가능하지만 관측 안 된 모드를 '?'로 적음. 화면에서 '미관측 모드'임을 알 수 있는지 확인
중간,안정인데 붕괴 모드 있음,162Er,68,94,162,붕괴 방식,"A, 2B+",STABLE,,세기 미상(?) — NUBASE는 에너지상 가능하지만 관측 안 된 모드를 '?'로 적음. 화면에서 '미관측 모드'임을 알 수 있는지 확인
중간,안정인데 붕괴 모드 있음,164Er,68,96,164,붕괴 방식,"A, 2B+",STABLE,,세기 미상(?) — NUBASE는 에너지상 가능하지만 관측 안 된 모드를 '?'로 적음. 화면에서 '미관측 모드'임을 알 수 있는지 확인
중간,안정인데 붕괴 모드 있음,170Er,68,102,170,붕괴 방식,"2B-, A",STABLE,,세기 미상(?) — NUBASE는 에너지상 가능하지만 관측 안 된 모드를 '?'로 적음. 화면에서 '미관측 모드'임을 알 수 있는지 확인
중간,안정인데 붕괴 모드 있음,168Yb,70,98,168,붕괴 방식,"A, 2B+",STABLE,,세기 미상(?) — NUBASE는 에너지상 가능하지만 관측 안 된 모드를 '?'로 적음. 화면에서 '미관측 모드'임을 알 수 있는지 확인
중간,안정인데 붕괴 모드 있음,176Yb,70,106,176,붕괴 방식,"2B-, A",STABLE,,세기 미상(?) — NUBASE는 에너지상 가능하지만 관측 안 된 모드를 '?'로 적음. 화면에서 '미관측 모드'임을 알 수 있는지 확인
중간,안정인데 붕괴 모드 있음,182W,74,108,182,붕괴 방식,A,STABLE,,세기 미상(?) — NUBASE는 에너지상 가능하지만 관측 안 된 모드를 '?'로 적음. 화면에서 '미관측 모드'임을 알 수 있는지 확인
중간,안정인데 붕괴 모드 있음,184W,74,110,184,붕괴 방식,A,STABLE,,세기 미상(?) — NUBASE는 에너지상 가능하지만 관측 안 된 모드를 '?'로 적음. 화면에서 '미관측 모드'임을 알 수 있는지 확인
중간,안정인데 붕괴 모드 있음,186W,74,112,186,붕괴 방식,"2B-, A",STABLE,,세기 미상(?) — NUBASE는 에너지상 가능하지만 관측 안 된 모드를 '?'로 적음. 화면에서 '미관측 모드'임을 알 수 있는지 확인
중간,안정인데 붕괴 모드 있음,187Os,76,111,187,붕괴 방식,A,STABLE,,세기 미상(?) — NUBASE는 에너지상 가능하지만 관측 안 된 모드를 '?'로 적음. 화면에서 '미관측 모드'임을 알 수 있는지 확인
중간,안정인데 붕괴 모드 있음,188Os,76,112,188,붕괴 방식,A,STABLE,,세기 미상(?) — NUBASE는 에너지상 가능하지만 관측 안 된 모드를 '?'로 적음. 화면에서 '미관측 모드'임을 알 수 있는지 확인
중간,안정인데 붕괴 모드 있음,189Os,76,113,189,붕괴 방식,A,STABLE,,세기 미상(?) — NUBASE는 에너지상 가능하지만 관측 안 된 모드를 '?'로 적음. 화면에서 '미관측 모드'임을 알 수 있는지 확인
중간,안정인데 붕괴 모드 있음,190Os,76,114,190,붕괴 방식,A,STABLE,,세기 미상(?) — NUBASE는 에너지상 가능하지만 관측 안 된 모드를 '?'로 적음. 화면에서 '미관측 모드'임을 알 수 있는지 확인
중간,안정인데 붕괴 모드 있음,192Os,76,116,192,붕괴 방식,"2B-, A",STABLE,,세기 미상(?) — NUBASE는 에너지상 가능하지만 관측 안 된 모드를 '?'로 적음. 화면에서 '미관측 모드'임을 알 수 있는지 확인
중간,안정인데 붕괴 모드 있음,192Pt,78,114,192,붕괴 방식,A,STABLE,,세기 미상(?) — NUBASE는 에너지상 가능하지만 관측 안 된 모드를 '?'로 적음. 화면에서 '미관측 모드'임을 알 수 있는지 확인
중간,안정인데 붕괴 모드 있음,195Pt,78,117,195,붕괴 방식,A,STABLE,,세기 미상(?) — NUBASE는 에너지상 가능하지만 관측 안 된 모드를 '?'로 적음. 화면에서 '미관측 모드'임을 알 수 있는지 확인
중간,안정인데 붕괴 모드 있음,198Pt,78,120,198,붕괴 방식,A,STABLE,,세기 미상(?) — NUBASE는 에너지상 가능하지만 관측 안 된 모드를 '?'로 적음. 화면에서 '미관측 모드'임을 알 수 있는지 확인
중간,안정인데 붕괴 모드 있음,196Hg,80,116,196,붕괴 방식,2B+,STABLE,,세기 미상(?) — NUBASE는 에너지상 가능하지만 관측 안 된 모드를 '?'로 적음. 화면에서 '미관측 모드'임을 알 수 있는지 확인
중간,안정인데 붕괴 모드 있음,204Hg,80,124,204,붕괴 방식,2B-,STABLE,,세기 미상(?) — NUBASE는 에너지상 가능하지만 관측 안 된 모드를 '?'로 적음. 화면에서 '미관측 모드'임을 알 수 있는지 확인
중간,안정인데 붕괴 모드 있음,206Pb,82,124,206,붕괴 방식,A,STABLE,,세기 미상(?) — NUBASE는 에너지상 가능하지만 관측 안 된 모드를 '?'로 적음. 화면에서 '미관측 모드'임을 알 수 있는지 확인
중간,안정인데 붕괴 모드 있음,207Pb,82,125,207,붕괴 방식,A,STABLE,,세기 미상(?) — NUBASE는 에너지상 가능하지만 관측 안 된 모드를 '?'로 적음. 화면에서 '미관측 모드'임을 알 수 있는지 확인
중간,안정인데 붕괴 모드 있음,208Pb,82,126,208,붕괴 방식,A,STABLE,,세기 미상(?) — NUBASE는 에너지상 가능하지만 관측 안 된 모드를 '?'로 적음. 화면에서 '미관측 모드'임을 알 수 있는지 확인
중간,잠정 J^π를 확정처럼 표시,10He,2,8,10,J^π,0+,(0+),,참조 괄호 = 잠정 할당
중간,잠정 J^π를 확정처럼 표시,19C,6,13,19,J^π,1/2+,(1/2+),,참조 괄호 = 잠정 할당
중간,잠정 J^π를 확정처럼 표시,23F,9,14,23,J^π,5/2+,(5/2+),,참조 괄호 = 잠정 할당
중간,잠정 J^π를 확정처럼 표시,24F,9,15,24,J^π,3+,(3+),,참조 괄호 = 잠정 할당
중간,잠정 J^π를 확정처럼 표시,31Al,13,18,31,J^π,5/2+,5/2(+),,참조 괄호 = 잠정 할당
중간,잠정 J^π를 확정처럼 표시,33Al,13,20,33,J^π,5/2+,(5/2)+,,참조 괄호 = 잠정 할당
중간,잠정 J^π를 확정처럼 표시,34Al,13,21,34,J^π,4-,(4-),,참조 괄호 = 잠정 할당
중간,잠정 J^π를 확정처럼 표시,43S,16,27,43,J^π,3/2-,(3/2-),,참조 괄호 = 잠정 할당
중간,잠정 J^π를 확정처럼 표시,35K,19,16,35,J^π,3/2+,(3/2)+,,참조 괄호 = 잠정 할당
중간,잠정 J^π를 확정처럼 표시,46K,19,27,46,J^π,2-,(2-),,참조 괄호 = 잠정 할당
중간,잠정 J^π를 확정처럼 표시,48K,19,29,48,J^π,1-,1(-),,참조 괄호 = 잠정 할당
중간,잠정 J^π를 확정처럼 표시,50K,19,31,50,J^π,0-,0(-),,참조 괄호 = 잠정 할당
중간,잠정 J^π를 확정처럼 표시,53K,19,34,53,J^π,3/2+,(3/2+),,참조 괄호 = 잠정 할당
중간,잠정 J^π를 확정처럼 표시,37Ca,20,17,37,J^π,3/2+,(3/2+),,참조 괄호 = 잠정 할당
중간,잠정 J^π를 확정처럼 표시,51Ca,20,31,51,J^π,3/2-,3/2(-),,참조 괄호 = 잠정 할당
중간,잠정 J^π를 확정처럼 표시,61Mn,25,36,61,J^π,5/2-,5/2(-),,참조 괄호 = 잠정 할당
중간,잠정 J^π를 확정처럼 표시,62Mn,25,37,62,J^π,1+,(1+),,참조 괄호 = 잠정 할당
중간,잠정 J^π를 확정처럼 표시,64Mn,25,39,64,J^π,1+,1(+),,참조 괄호 = 잠정 할당
중간,잠정 J^π를 확정처럼 표시,52Co,27,25,52,J^π,6+,(6+),,참조 괄호 = 잠정 할당
중간,잠정 J^π를 확정처럼 표시,67Ni,28,39,67,J^π,1/2-,(1/2)-,,참조 괄호 = 잠정 할당
중간,잠정 J^π를 확정처럼 표시,71Cu,29,42,71,J^π,3/2-,3/2(-),,참조 괄호 = 잠정 할당
중간,잠정 J^π를 확정처럼 표시,75Cu,29,46,75,J^π,5/2-,5/2(-),,참조 괄호 = 잠정 할당
중간,잠정 J^π를 확정처럼 표시,76Cu,29,47,76,J^π,3-,3(-),,[참조: 단건 API 최신값] 참조 괄호 = 잠정 할당
중간,잠정 J^π를 확정처럼 표시,75Zn,30,45,75,J^π,7/2+,(7/2+),,참조 괄호 = 잠정 할당
중간,잠정 J^π를 확정처럼 표시,76Ga,31,45,76,J^π,2-,2(-),,[참조: 단건 API 최신값] 참조 괄호 = 잠정 할당
중간,잠정 J^π를 확정처럼 표시,77Ga,31,46,77,J^π,3/2-,3/2(-),,참조 괄호 = 잠정 할당
중간,잠정 J^π를 확정처럼 표시,79Ga,31,48,79,J^π,3/2-,3/2(-),,참조 괄호 = 잠정 할당
중간,잠정 J^π를 확정처럼 표시,80Ga,31,49,80,J^π,6-,6(-),,참조 괄호 = 잠정 할당
중간,잠정 J^π를 확정처럼 표시,81Ga,31,50,81,J^π,5/2-,(5/2-),,참조 괄호 = 잠정 할당
중간,잠정 J^π를 확정처럼 표시,82Ga,31,51,82,J^π,2-,(2-),,참조 괄호 = 잠정 할당
중간,잠정 J^π를 확정처럼 표시,87Br,35,52,87,J^π,5/2-,(5/2-),,참조 괄호 = 잠정 할당
중간,잠정 J^π를 확정처럼 표시,89Kr,36,53,89,J^π,3/2+,3/2(+),,참조 괄호 = 잠정 할당
중간,잠정 J^π를 확정처럼 표시,91Kr,36,55,91,J^π,5/2+,5/2(+),,참조 괄호 = 잠정 할당
중간,잠정 J^π를 확정처럼 표시,95Kr,36,59,95,J^π,1/2+,1/2(+),,참조 괄호 = 잠정 할당
중간,잠정 J^π를 확정처럼 표시,75Rb,37,38,75,J^π,3/2-,3/2(-),,참조 괄호 = 잠정 할당
중간,잠정 J^π를 확정처럼 표시,76Rb,37,39,76,J^π,1-,1(-),,참조 괄호 = 잠정 할당
중간,잠정 J^π를 확정처럼 표시,78Rb,37,41,78,J^π,0+,0(+),,참조 괄호 = 잠정 할당
중간,잠정 J^π를 확정처럼 표시,91Rb,37,54,91,J^π,3/2-,3/2(-),,참조 괄호 = 잠정 할당
중간,잠정 J^π를 확정처럼 표시,94Rb,37,57,94,J^π,3-,3(-),,참조 괄호 = 잠정 할당
중간,잠정 J^π를 확정처럼 표시,96Rb,37,59,96,J^π,2-,2(-),,참조 괄호 = 잠정 할당
중간,잠정 J^π를 확정처럼 표시,77Sr,38,39,77,J^π,5/2+,5/2(+),,참조 괄호 = 잠정 할당
중간,잠정 J^π를 확정처럼 표시,79Sr,38,41,79,J^π,3/2-,3/2(-),,참조 괄호 = 잠정 할당
중간,잠정 J^π를 확정처럼 표시,80Y,39,41,80,J^π,4-,(4-),,참조 괄호 = 잠정 할당
중간,잠정 J^π를 확정처럼 표시,97Y,39,58,97,J^π,1/2-,(1/2-),,참조 괄호 = 잠정 할당
중간,잠정 J^π를 확정처럼 표시,99Y,39,60,99,J^π,5/2+,(5/2+),,참조 괄호 = 잠정 할당
중간,잠정 J^π를 확정처럼 표시,101Y,39,62,101,J^π,5/2+,(5/2+),,참조 괄호 = 잠정 할당
중간,잠정 J^π를 확정처럼 표시,99Zr,40,59,99,J^π,1/2+,(1/2+),,참조 괄호 = 잠정 할당
중간,잠정 J^π를 확정처럼 표시,101Zr,40,61,101,J^π,3/2+,(3/2+),,참조 괄호 = 잠정 할당
중간,잠정 J^π를 확정처럼 표시,101Nb,41,60,101,J^π,5/2+,(5/2+),,참조 괄호 = 잠정 할당
중간,잠정 J^π를 확정처럼 표시,103Nb,41,62,103,J^π,5/2+,(5/2+),,참조 괄호 = 잠정 할당
중간,잠정 J^π를 확정처럼 표시,103Mo,42,61,103,J^π,3/2+,(3/2+),,참조 괄호 = 잠정 할당
중간,잠정 J^π를 확정처럼 표시,98Tc,43,55,98,J^π,6+,(6)+,,참조 괄호 = 잠정 할당
중간,잠정 J^π를 확정처럼 표시,102Ag,47,55,102,J^π,5+,5(+),,참조 괄호 = 잠정 할당
중간,잠정 J^π를 확정처럼 표시,112Ag,47,65,112,J^π,2-,2(-),,참조 괄호 = 잠정 할당
중간,잠정 J^π를 확정처럼 표시,101Cd,48,53,101,J^π,5/2+,(5/2+),,참조 괄호 = 잠정 할당
중간,잠정 J^π를 확정처럼 표시,103Cd,48,55,103,J^π,5/2+,(5/2)+,,참조 괄호 = 잠정 할당
중간,잠정 J^π를 확정처럼 표시,121Cd,48,73,121,J^π,3/2+,(3/2+),,참조 괄호 = 잠정 할당
중간,잠정 J^π를 확정처럼 표시,123Cd,48,75,123,J^π,3/2+,3/2(+),,참조 괄호 = 잠정 할당
중간,잠정 J^π를 확정처럼 표시,125Cd,48,77,125,J^π,3/2+,(3/2+),,참조 괄호 = 잠정 할당
중간,잠정 J^π를 확정처럼 표시,127Cd,48,79,127,J^π,3/2+,(3/2+),,참조 괄호 = 잠정 할당
중간,잠정 J^π를 확정처럼 표시,126In,49,77,126,J^π,3+,3(+),,참조 괄호 = 잠정 할당
중간,잠정 J^π를 확정처럼 표시,127In,49,78,127,J^π,9/2+,(9/2+),,참조 괄호 = 잠정 할당
중간,잠정 J^π를 확정처럼 표시,129In,49,80,129,J^π,9/2+,(9/2+),,참조 괄호 = 잠정 할당
중간,잠정 J^π를 확정처럼 표시,131In,49,82,131,J^π,9/2+,(9/2+),,참조 괄호 = 잠정 할당
중간,잠정 J^π를 확정처럼 표시,131Sn,50,81,131,J^π,3/2+,(3/2+),,참조 괄호 = 잠정 할당
중간,잠정 J^π를 확정처럼 표시,126Sb,51,75,126,J^π,8-,(8-),,참조 괄호 = 잠정 할당
중간,잠정 J^π를 확정처럼 표시,130Sb,51,79,130,J^π,8-,(8-),,참조 괄호 = 잠정 할당
중간,잠정 J^π를 확정처럼 표시,131Sb,51,80,131,J^π,7/2+,(7/2+),,참조 괄호 = 잠정 할당
중간,잠정 J^π를 확정처럼 표시,117Xe,54,63,117,J^π,5/2+,5/2(+),,참조 괄호 = 잠정 할당
중간,잠정 J^π를 확정처럼 표시,119Xe,54,65,119,J^π,5/2+,(5/2+),,참조 괄호 = 잠정 할당
중간,잠정 J^π를 확정처럼 표시,121Xe,54,67,121,J^π,5/2+,5/2(+),,참조 괄호 = 잠정 할당
중간,잠정 J^π를 확정처럼 표시,123Xe,54,69,123,J^π,1/2+,1/2(+),,참조 괄호 = 잠정 할당
중간,잠정 J^π를 확정처럼 표시,125Xe,54,71,125,J^π,1/2+,1/2(+),,참조 괄호 = 잠정 할당
중간,잠정 J^π를 확정처럼 표시,141Xe,54,87,141,J^π,5/2-,5/2(-),,참조 괄호 = 잠정 할당
중간,잠정 J^π를 확정처럼 표시,120Cs,55,65,120,J^π,2+,2(+),,참조 괄호 = 잠정 할당
중간,잠정 J^π를 확정처럼 표시,121Cs,55,66,121,J^π,3/2+,3/2(+),,참조 괄호 = 잠정 할당
중간,잠정 J^π를 확정처럼 표시,123Cs,55,68,123,J^π,1/2+,1/2(+),,참조 괄호 = 잠정 할당
중간,잠정 J^π를 확정처럼 표시,125Cs,55,70,125,J^π,1/2+,1/2(+),,참조 괄호 = 잠정 할당
중간,잠정 J^π를 확정처럼 표시,144Cs,55,89,144,J^π,1-,1(-),,참조 괄호 = 잠정 할당
중간,잠정 J^π를 확정처럼 표시,121Ba,56,65,121,J^π,5/2+,5/2(+),,참조 괄호 = 잠정 할당
중간,잠정 J^π를 확정처럼 표시,123Ba,56,67,123,J^π,5/2+,5/2(+),,참조 괄호 = 잠정 할당
중간,잠정 J^π를 확정처럼 표시,125Ba,56,69,125,J^π,1/2+,1/2(+),,참조 괄호 = 잠정 할당
중간,잠정 J^π를 확정처럼 표시,147Ba,56,91,147,J^π,5/2-,(5/2-),,참조 괄호 = 잠정 할당
중간,잠정 J^π를 확정처럼 표시,135Ce,58,77,135,J^π,1/2+,1/2(+),,참조 괄호 = 잠정 할당
중간,잠정 J^π를 확정처럼 표시,135Pr,59,76,135,J^π,3/2+,3/2(+),,참조 괄호 = 잠정 할당
중간,잠정 J^π를 확정처럼 표시,147Pr,59,88,147,J^π,3/2+,(3/2+),,참조 괄호 = 잠정 할당
중간,잠정 J^π를 확정처럼 표시,150Pr,59,91,150,J^π,1-,(1-),,참조 괄호 = 잠정 할당
중간,잠정 J^π를 확정처럼 표시,152Pr,59,93,152,J^π,4+,(4+),,참조 괄호 = 잠정 할당
중간,잠정 J^π를 확정처럼 표시,135Nd,60,75,135,J^π,9/2-,9/2(-),,참조 괄호 = 잠정 할당
중간,잠정 J^π를 확정처럼 표시,156Pm,61,95,156,J^π,4+,4(+),,참조 괄호 = 잠정 할당
중간,잠정 J^π를 확정처럼 표시,158Eu,63,95,158,J^π,1-,(1-),,참조 괄호 = 잠정 할당
중간,잠정 J^π를 확정처럼 표시,143Gd,64,79,143,J^π,1/2+,(1/2)+,,참조 괄호 = 잠정 할당
중간,잠정 J^π를 확정처럼 표시,151Tb,65,86,151,J^π,1/2+,1/2(+),,참조 괄호 = 잠정 할당
중간,잠정 J^π를 확정처럼 표시,151Dy,66,85,151,J^π,7/2-,7/2(-),,참조 괄호 = 잠정 할당
중간,잠정 J^π를 확정처럼 표시,153Dy,66,87,153,J^π,7/2-,7/2(-),,참조 괄호 = 잠정 할당
중간,잠정 J^π를 확정처럼 표시,151Ho,67,84,151,J^π,11/2-,(11/2-),,참조 괄호 = 잠정 할당
중간,잠정 J^π를 확정처럼 표시,153Er,68,85,153,J^π,7/2-,(7/2-),,참조 괄호 = 잠정 할당
중간,잠정 J^π를 확정처럼 표시,149Tm,69,80,149,J^π,11/2-,(11/2-),,참조 괄호 = 잠정 할당
중간,잠정 J^π를 확정처럼 표시,174Tm,69,105,174,J^π,4-,(4)-,,참조 괄호 = 잠정 할당
중간,잠정 J^π를 확정처럼 표시,153Yb,70,83,153,J^π,7/2-,(7/2-),,참조 괄호 = 잠정 할당
중간,잠정 J^π를 확정처럼 표시,159Yb,70,89,159,J^π,5/2-,5/2(-),,참조 괄호 = 잠정 할당
중간,잠정 J^π를 확정처럼 표시,175Yb,70,105,175,J^π,7/2-,(7/2-),,참조 괄호 = 잠정 할당
중간,잠정 J^π를 확정처럼 표시,163Lu,71,92,163,J^π,1/2+,1/2(+),,참조 괄호 = 잠정 할당
중간,잠정 J^π를 확정처럼 표시,164Lu,71,93,164,J^π,1-,1(-),,참조 괄호 = 잠정 할당
중간,잠정 J^π를 확정처럼 표시,168Lu,71,97,168,J^π,6-,6(-),,참조 괄호 = 잠정 할당
중간,잠정 J^π를 확정처럼 표시,174Lu,71,103,174,J^π,1-,(1)-,,참조 괄호 = 잠정 할당
중간,잠정 J^π를 확정처럼 표시,178Lu,71,107,178,J^π,1+,1(+),,참조 괄호 = 잠정 할당
중간,잠정 J^π를 확정처럼 표시,157Hf,72,85,157,J^π,7/2-,(7/2-),,참조 괄호 = 잠정 할당
중간,잠정 J^π를 확정처럼 표시,171Hf,72,99,171,J^π,7/2+,7/2(+),,참조 괄호 = 잠정 할당
중간,잠정 J^π를 확정처럼 표시,175Hf,72,103,175,J^π,5/2-,5/2(-),,참조 괄호 = 잠정 할당
중간,잠정 J^π를 확정처럼 표시,184Re,75,109,184,J^π,3-,3(-),,참조 괄호 = 잠정 할당
중간,잠정 J^π를 확정처럼 표시,163Os,76,87,163,J^π,7/2-,(7/2-),,참조 괄호 = 잠정 할당
중간,잠정 J^π를 확정처럼 표시,167Os,76,91,167,J^π,7/2-,(7/2-),,참조 괄호 = 잠정 할당
중간,잠정 J^π를 확정처럼 표시,171Ir,77,94,171,J^π,1/2+,(1/2+),,참조 괄호 = 잠정 할당
중간,잠정 J^π를 확정처럼 표시,171Pt,78,93,171,J^π,7/2-,(7/2-),,참조 괄호 = 잠정 할당
중간,잠정 J^π를 확정처럼 표시,171Au,79,92,171,J^π,1/2+,(1/2+),,참조 괄호 = 잠정 할당
중간,잠정 J^π를 확정처럼 표시,175Au,79,96,175,J^π,1/2+,(1/2+),,참조 괄호 = 잠정 할당
중간,잠정 J^π를 확정처럼 표시,183Au,79,104,183,J^π,5/2-,(5/2)-,,참조 괄호 = 잠정 할당
중간,잠정 J^π를 확정처럼 표시,187Au,79,108,187,J^π,1/2+,1/2(+),,참조 괄호 = 잠정 할당
중간,잠정 J^π를 확정처럼 표시,179Hg,80,99,179,J^π,7/2-,(7/2-),,참조 괄호 = 잠정 할당
중간,잠정 J^π를 확정처럼 표시,187Hg,80,107,187,J^π,3/2-,3/2(-),,참조 괄호 = 잠정 할당
중간,잠정 J^π를 확정처럼 표시,191Hg,80,111,191,J^π,3/2-,3/2(-),,참조 괄호 = 잠정 할당
중간,잠정 J^π를 확정처럼 표시,193Hg,80,113,193,J^π,3/2-,3/2(-),,참조 괄호 = 잠정 할당
중간,잠정 J^π를 확정처럼 표시,207Hg,80,127,207,J^π,9/2+,(9/2+),,참조 괄호 = 잠정 할당
중간,잠정 J^π를 확정처럼 표시,179Tl,81,98,179,J^π,1/2+,(1/2+),,[참조: 단건 API 최신값] 참조 괄호 = 잠정 할당
중간,잠정 J^π를 확정처럼 표시,181Tl,81,100,181,J^π,1/2+,(1/2+),,참조 괄호 = 잠정 할당
중간,잠정 J^π를 확정처럼 표시,183Tl,81,102,183,J^π,1/2+,(1/2+),,참조 괄호 = 잠정 할당
중간,잠정 J^π를 확정처럼 표시,185Tl,81,104,185,J^π,1/2+,(1/2+),,참조 괄호 = 잠정 할당
중간,잠정 J^π를 확정처럼 표시,187Tl,81,106,187,J^π,1/2+,(1/2+),,참조 괄호 = 잠정 할당
중간,잠정 J^π를 확정처럼 표시,189Tl,81,108,189,J^π,1/2+,(1/2+),,참조 괄호 = 잠정 할당
중간,잠정 J^π를 확정처럼 표시,191Tl,81,110,191,J^π,1/2+,(1/2+),,참조 괄호 = 잠정 할당
중간,잠정 J^π를 확정처럼 표시,192Tl,81,111,192,J^π,2-,(2-),,참조 괄호 = 잠정 할당
중간,잠정 J^π를 확정처럼 표시,193Tl,81,112,193,J^π,1/2+,1/2(+),,참조 괄호 = 잠정 할당
중간,잠정 J^π를 확정처럼 표시,183Pb,82,101,183,J^π,3/2-,(3/2-),,참조 괄호 = 잠정 할당
중간,잠정 J^π를 확정처럼 표시,187Pb,82,105,187,J^π,3/2-,(3/2-),,참조 괄호 = 잠정 할당
중간,잠정 J^π를 확정처럼 표시,189Pb,82,107,189,J^π,3/2-,(3/2-),,참조 괄호 = 잠정 할당
중간,잠정 J^π를 확정처럼 표시,191Pb,82,109,191,J^π,3/2-,3/2(-),,[참조: 단건 API 최신값] 참조 괄호 = 잠정 할당
중간,잠정 J^π를 확정처럼 표시,189Bi,83,106,189,J^π,9/2-,(9/2-),,참조 괄호 = 잠정 할당
중간,잠정 J^π를 확정처럼 표시,191Bi,83,108,191,J^π,9/2-,(9/2-),,참조 괄호 = 잠정 할당
중간,잠정 J^π를 확정처럼 표시,193Bi,83,110,193,J^π,9/2-,(9/2-),,참조 괄호 = 잠정 할당
중간,잠정 J^π를 확정처럼 표시,194Bi,83,111,194,J^π,3+,(3+),,참조 괄호 = 잠정 할당
중간,잠정 J^π를 확정처럼 표시,197Bi,83,114,197,J^π,9/2-,(9/2-),,참조 괄호 = 잠정 할당
중간,잠정 J^π를 확정처럼 표시,212Bi,83,129,212,J^π,1-,1(-),,참조 괄호 = 잠정 할당
중간,잠정 J^π를 확정처럼 표시,187Po,84,103,187,J^π,"1/2-,5/2-","(1/2-,5/2-)",,참조 괄호 = 잠정 할당
중간,잠정 J^π를 확정처럼 표시,191Po,84,107,191,J^π,3/2-,(3/2-),,참조 괄호 = 잠정 할당
중간,잠정 J^π를 확정처럼 표시,193Po,84,109,193,J^π,3/2-,(3/2-),,참조 괄호 = 잠정 할당
중간,잠정 J^π를 확정처럼 표시,195Po,84,111,195,J^π,3/2-,(3/2-),,참조 괄호 = 잠정 할당
중간,잠정 J^π를 확정처럼 표시,199Po,84,115,199,J^π,3/2-,(3/2-),,참조 괄호 = 잠정 할당
중간,잠정 J^π를 확정처럼 표시,191At,85,106,191,J^π,1/2+,(1/2+),,참조 괄호 = 잠정 할당
중간,잠정 J^π를 확정처럼 표시,193At,85,108,193,J^π,1/2+,(1/2+),,참조 괄호 = 잠정 할당
중간,잠정 J^π를 확정처럼 표시,195At,85,110,195,J^π,1/2+,(1/2+),,참조 괄호 = 잠정 할당
중간,잠정 J^π를 확정처럼 표시,197At,85,112,197,J^π,9/2-,(9/2-),,참조 괄호 = 잠정 할당
중간,잠정 J^π를 확정처럼 표시,198At,85,113,198,J^π,3+,(3+),,참조 괄호 = 잠정 할당
중간,잠정 J^π를 확정처럼 표시,199At,85,114,199,J^π,9/2-,(9/2-),,참조 괄호 = 잠정 할당
중간,잠정 J^π를 확정처럼 표시,197Rn,86,111,197,J^π,3/2-,(3/2-),,참조 괄호 = 잠정 할당
중간,잠정 J^π를 확정처럼 표시,199Rn,86,113,199,J^π,3/2-,(3/2-),,참조 괄호 = 잠정 할당
중간,잠정 J^π를 확정처럼 표시,201Rn,86,115,201,J^π,3/2-,(3/2-),,참조 괄호 = 잠정 할당
중간,잠정 J^π를 확정처럼 표시,202Fr,87,115,202,J^π,3+,(3+),,참조 괄호 = 잠정 할당
중간,잠정 J^π를 확정처럼 표시,204Fr,87,117,204,J^π,3+,(3+),,참조 괄호 = 잠정 할당
중간,잠정 J^π를 확정처럼 표시,223Fr,87,136,223,J^π,3/2-,3/2(-),,참조 괄호 = 잠정 할당
중간,잠정 J^π를 확정처럼 표시,224Fr,87,137,224,J^π,1-,1(-),,참조 괄호 = 잠정 할당
중간,잠정 J^π를 확정처럼 표시,205Ra,88,117,205,J^π,3/2-,(3/2-),,참조 괄호 = 잠정 할당
중간,잠정 J^π를 확정처럼 표시,211Ra,88,123,211,J^π,5/2-,5/2(-),,참조 괄호 = 잠정 할당
중간,잠정 J^π를 확정처럼 표시,205Ac,89,116,205,J^π,9/2-,(9/2-),,참조 괄호 = 잠정 할당
중간,잠정 J^π를 확정처럼 표시,206Ac,89,117,206,J^π,3+,(3+),,참조 괄호 = 잠정 할당
중간,잠정 J^π를 확정처럼 표시,207Ac,89,118,207,J^π,9/2-,(9/2-),,참조 괄호 = 잠정 할당
중간,잠정 J^π를 확정처럼 표시,208Ac,89,119,208,J^π,3+,(3+),,참조 괄호 = 잠정 할당
중간,잠정 J^π를 확정처럼 표시,209Ac,89,120,209,J^π,9/2-,(9/2-),,참조 괄호 = 잠정 할당
중간,잠정 J^π를 확정처럼 표시,212Ac,89,123,212,J^π,7+,(7+),,참조 괄호 = 잠정 할당
중간,잠정 J^π를 확정처럼 표시,214Ac,89,125,214,J^π,5+,5(+),,참조 괄호 = 잠정 할당
중간,잠정 J^π를 확정처럼 표시,225Ac,89,136,225,J^π,3/2-,(3/2-),,참조 괄호 = 잠정 할당
중간,잠정 J^π를 확정처럼 표시,229Ac,89,140,229,J^π,3/2+,(3/2+),,참조 괄호 = 잠정 할당
중간,잠정 J^π를 확정처럼 표시,209Th,90,119,209,J^π,13/2+,(13/2+),,[Th-209m와 비교] 참조 괄호 = 잠정 할당
중간,잠정 J^π를 확정처럼 표시,225Th,90,135,225,J^π,3/2+,(3/2+),,참조 괄호 = 잠정 할당
중간,잠정 J^π를 확정처럼 표시,215Pa,91,124,215,J^π,9/2-,(9/2-),,참조 괄호 = 잠정 할당
중간,잠정 J^π를 확정처럼 표시,217Pa,91,126,217,J^π,9/2-,(9/2-),,참조 괄호 = 잠정 할당
중간,잠정 J^π를 확정처럼 표시,229Pa,91,138,229,J^π,5/2+,(5/2+),,참조 괄호 = 잠정 할당
중간,잠정 J^π를 확정처럼 표시,235Pa,91,144,235,J^π,3/2-,(3/2-),,참조 괄호 = 잠정 할당
중간,잠정 J^π를 확정처럼 표시,237Pa,91,146,237,J^π,1/2+,(1/2+),,참조 괄호 = 잠정 할당
중간,잠정 J^π를 확정처럼 표시,229U,92,137,229,J^π,3/2+,(3/2+),,참조 괄호 = 잠정 할당
중간,잠정 J^π를 확정처럼 표시,237Am,95,142,237,J^π,5/2-,5/2(-),,참조 괄호 = 잠정 할당
중간,잠정 J^π를 확정처럼 표시,239Am,95,144,239,J^π,5/2-,(5/2)-,,참조 괄호 = 잠정 할당
중간,잠정 J^π를 확정처럼 표시,245Am,95,150,245,J^π,5/2+,(5/2)+,,참조 괄호 = 잠정 할당
중간,잠정 J^π를 확정처럼 표시,246Am,95,151,246,J^π,7-,(7-),,참조 괄호 = 잠정 할당
중간,잠정 J^π를 확정처럼 표시,243Bk,97,146,243,J^π,3/2-,(3/2-),,참조 괄호 = 잠정 할당
중간,잠정 J^π를 확정처럼 표시,244Bk,97,147,244,J^π,4-,(4-),,참조 괄호 = 잠정 할당
중간,잠정 J^π를 확정처럼 표시,254Es,99,155,254,J^π,7+,(7+),,참조 괄호 = 잠정 할당
중간,잠정 J^π를 확정처럼 표시,249Fm,100,149,249,J^π,7/2+,(7/2+),,참조 괄호 = 잠정 할당
중간,잠정 J^π를 확정처럼 표시,251Fm,100,151,251,J^π,9/2-,(9/2-),,참조 괄호 = 잠정 할당
중간,잠정 J^π를 확정처럼 표시,257Fm,100,157,257,J^π,9/2+,(9/2+),,참조 괄호 = 잠정 할당
중간,잠정 J^π를 확정처럼 표시,255Md,101,154,255,J^π,7/2-,(7/2-),,참조 괄호 = 잠정 할당
중간,잠정 J^π를 확정처럼 표시,253No,102,151,253,J^π,9/2-,(9/2-),,참조 괄호 = 잠정 할당
중간,잠정 J^π를 확정처럼 표시,259No,102,157,259,J^π,9/2+,(9/2+),,참조 괄호 = 잠정 할당
중간,참조에 없는 붕괴 모드,6He,2,4,6,붕괴 방식,B-D 0.000278%,B- 100%,,출처 확인
중간,참조에 없는 붕괴 모드,8He,2,6,8,붕괴 방식,B-T 0.9%,"B- 100%, B-N 16%",,출처 확인
중간,참조에 없는 붕괴 모드,10He,2,8,10,붕괴 방식,2N 100%,N 100%,,출처 확인
중간,참조에 없는 붕괴 모드,11Li,3,8,11,붕괴 방식,B-2N 4.1%,"B- 100%, B-N",,출처 확인
중간,참조에 없는 붕괴 모드,11Li,3,8,11,붕괴 방식,B-3N 1.9%,"B- 100%, B-N",,출처 확인
중간,참조에 없는 붕괴 모드,11Li,3,8,11,붕괴 방식,B-A 1.7%,"B- 100%, B-N",,출처 확인
중간,참조에 없는 붕괴 모드,11Li,3,8,11,붕괴 방식,B-D 0.013%,"B- 100%, B-N",,출처 확인
중간,참조에 없는 붕괴 모드,11Li,3,8,11,붕괴 방식,B-T 0.0093%,"B- 100%, B-N",,출처 확인
중간,참조에 없는 붕괴 모드,16Be,4,12,16,붕괴 방식,2N 100%,N 100%,,출처 확인
중간,참조에 없는 붕괴 모드,14B,5,9,14,붕괴 방식,B-2N,"B- 100%, B-N 6.1%",,출처 확인 · 세기 미상(?) — NUBASE는 예상·가능 모드를 '?'로 적음
중간,참조에 없는 붕괴 모드,15B,5,10,15,붕괴 방식,B-N 98.7%,B- 100%,,[참조: 단건 API 최신값] 출처 확인
중간,참조에 없는 붕괴 모드,15B,5,10,15,붕괴 방식,B-2N <1.5%,B- 100%,,[참조: 단건 API 최신값] 출처 확인
중간,참조에 없는 붕괴 모드,20B,5,15,20,붕괴 방식,B-N,N 100%,,출처 확인 · 세기 미상(?) — NUBASE는 예상·가능 모드를 '?'로 적음
중간,참조에 없는 붕괴 모드,20B,5,15,20,붕괴 방식,B-2N,N 100%,,출처 확인 · 세기 미상(?) — NUBASE는 예상·가능 모드를 '?'로 적음
중간,참조에 없는 붕괴 모드,17C,6,11,17,붕괴 방식,B-2N,"B- 100%, B-N 26%",,출처 확인 · 세기 미상(?) — NUBASE는 예상·가능 모드를 '?'로 적음
중간,참조에 없는 붕괴 모드,18C,6,12,18,붕괴 방식,B-2N,"B- 100%, B-N 31.5%",,출처 확인 · 세기 미상(?) — NUBASE는 예상·가능 모드를 '?'로 적음
중간,참조에 없는 붕괴 모드,20N,7,13,20,붕괴 방식,B-2N,"B- 100%, B-N 42.9%",,출처 확인 · 세기 미상(?) — NUBASE는 예상·가능 모드를 '?'로 적음
중간,참조에 없는 붕괴 모드,21N,7,14,21,붕괴 방식,B-2N,"B- 100%, B-N 86%",,출처 확인 · 세기 미상(?) — NUBASE는 예상·가능 모드를 '?'로 적음
중간,참조에 없는 붕괴 모드,21O,8,13,21,붕괴 방식,B-N,B- 100%,,출처 확인 · 세기 미상(?) — NUBASE는 예상·가능 모드를 '?'로 적음
중간,참조에 없는 붕괴 모드,25F,9,16,25,붕괴 방식,B-2N,"B- 100%, B-N 23.1%",,출처 확인 · 세기 미상(?) — NUBASE는 예상·가능 모드를 '?'로 적음
중간,참조에 없는 붕괴 모드,26F,9,17,26,붕괴 방식,B-2N,"B- 100%, B-N 13.5%",,출처 확인 · 세기 미상(?) — NUBASE는 예상·가능 모드를 '?'로 적음
중간,참조에 없는 붕괴 모드,27F,9,18,27,붕괴 방식,B-2N,"B- 100%, B-N 77%",,출처 확인 · 세기 미상(?) — NUBASE는 예상·가능 모드를 '?'로 적음
중간,참조에 없는 붕괴 모드,29F,9,20,29,붕괴 방식,B-2N,"B- 100%, B-N 100%",,출처 확인 · 세기 미상(?) — NUBASE는 예상·가능 모드를 '?'로 적음
중간,참조에 없는 붕괴 모드,27Ne,10,17,27,붕괴 방식,B-2N,"B- 100%, B-N 2%",,출처 확인 · 세기 미상(?) — NUBASE는 예상·가능 모드를 '?'로 적음
중간,참조에 없는 붕괴 모드,32Ne,10,22,32,붕괴 방식,B-2N,"B- 100%, B-N",,출처 확인 · 세기 미상(?) — NUBASE는 예상·가능 모드를 '?'로 적음
중간,참조에 없는 붕괴 모드,29Na,11,18,29,붕괴 방식,B-2N,"B- 100%, B-N 21.5%",,출처 확인 · 세기 미상(?) — NUBASE는 예상·가능 모드를 '?'로 적음
중간,참조에 없는 붕괴 모드,37Na,11,26,37,붕괴 방식,B-2N,"B-, B-N",,출처 확인 · 세기 미상(?) — NUBASE는 예상·가능 모드를 '?'로 적음
중간,참조에 없는 붕괴 모드,30Mg,12,18,30,붕괴 방식,B-N <0.06%,B- 100%,,출처 확인
중간,참조에 없는 붕괴 모드,33Mg,12,21,33,붕괴 방식,B-2N,"B- 100%, B-N 14%",,출처 확인 · 세기 미상(?) — NUBASE는 예상·가능 모드를 '?'로 적음
중간,참조에 없는 붕괴 모드,34Mg,12,22,34,붕괴 방식,B-2N <0.1%,"B- 100%, B-N",,출처 확인
중간,참조에 없는 붕괴 모드,36Mg,12,24,36,붕괴 방식,B-2N,"B- 100%, B-N",,출처 확인 · 세기 미상(?) — NUBASE는 예상·가능 모드를 '?'로 적음
중간,참조에 없는 붕괴 모드,39Mg,12,27,39,붕괴 방식,B-,N,,출처 확인 · 세기 미상(?) — NUBASE는 예상·가능 모드를 '?'로 적음
중간,참조에 없는 붕괴 모드,34Al,13,21,34,붕괴 방식,B-2N,"B- 100%, B-N 26%",,출처 확인 · 세기 미상(?) — NUBASE는 예상·가능 모드를 '?'로 적음
중간,참조에 없는 붕괴 모드,36Al,13,23,36,붕괴 방식,B-2N,"B- 100%, B-N 31%",,출처 확인 · 세기 미상(?) — NUBASE는 예상·가능 모드를 '?'로 적음
중간,참조에 없는 붕괴 모드,37Al,13,24,37,붕괴 방식,B-2N >1%,"B- 100%, B-N",,출처 확인
중간,참조에 없는 붕괴 모드,41Al,13,28,41,붕괴 방식,B-2N,"B- 100%, B-N",,출처 확인 · 세기 미상(?) — NUBASE는 예상·가능 모드를 '?'로 적음
중간,참조에 없는 붕괴 모드,22Si,14,8,22,붕괴 방식,EC/B+ 2p 0.7%,"EC+B+ 100%, B+P 32%",,출처 확인
중간,참조에 없는 붕괴 모드,41Si,14,27,41,붕괴 방식,B-2N,"B- 100%, B-N",,출처 확인 · 세기 미상(?) — NUBASE는 예상·가능 모드를 '?'로 적음
중간,참조에 없는 붕괴 모드,44Si,14,30,44,붕괴 방식,B-2N,"B- 100%, B-N",,출처 확인 · 세기 미상(?) — NUBASE는 예상·가능 모드를 '?'로 적음
중간,참조에 없는 붕괴 모드,36P,15,21,36,붕괴 방식,B-N,B- 100%,,출처 확인 · 세기 미상(?) — NUBASE는 예상·가능 모드를 '?'로 적음
중간,참조에 없는 붕괴 모드,37P,15,22,37,붕괴 방식,B-N,B- 100%,,출처 확인 · 세기 미상(?) — NUBASE는 예상·가능 모드를 '?'로 적음
중간,참조에 없는 붕괴 모드,41P,15,26,41,붕괴 방식,B-2N,"B- 100%, B-N 30%",,출처 확인 · 세기 미상(?) — NUBASE는 예상·가능 모드를 '?'로 적음
중간,참조에 없는 붕괴 모드,44P,15,29,44,붕괴 방식,B-2N,"B-, B-N",,출처 확인 · 세기 미상(?) — NUBASE는 예상·가능 모드를 '?'로 적음
중간,참조에 없는 붕괴 모드,45P,15,30,45,붕괴 방식,B-N,B-,,출처 확인 · 세기 미상(?) — NUBASE는 예상·가능 모드를 '?'로 적음
중간,참조에 없는 붕괴 모드,45P,15,30,45,붕괴 방식,B-2N,B-,,출처 확인 · 세기 미상(?) — NUBASE는 예상·가능 모드를 '?'로 적음
중간,참조에 없는 붕괴 모드,46P,15,31,46,붕괴 방식,B-N,B- 100%,,출처 확인 · 세기 미상(?) — NUBASE는 예상·가능 모드를 '?'로 적음
중간,참조에 없는 붕괴 모드,46P,15,31,46,붕괴 방식,B-2N,B- 100%,,출처 확인 · 세기 미상(?) — NUBASE는 예상·가능 모드를 '?'로 적음
중간,참조에 없는 붕괴 모드,26S,16,10,26,붕괴 방식,2P,P,,출처 확인 · 세기 미상(?) — NUBASE는 예상·가능 모드를 '?'로 적음
중간,참조에 없는 붕괴 모드,45S,16,29,45,붕괴 방식,B-2N,"B- 100%, B-N 54%",,출처 확인 · 세기 미상(?) — NUBASE는 예상·가능 모드를 '?'로 적음
중간,참조에 없는 붕괴 모드,46S,16,30,46,붕괴 방식,B-N,B- 100%,,출처 확인 · 세기 미상(?) — NUBASE는 예상·가능 모드를 '?'로 적음
중간,참조에 없는 붕괴 모드,46S,16,30,46,붕괴 방식,B-2N,B- 100%,,출처 확인 · 세기 미상(?) — NUBASE는 예상·가능 모드를 '?'로 적음
중간,참조에 없는 붕괴 모드,48S,16,32,48,붕괴 방식,B-N,B-,,출처 확인 · 세기 미상(?) — NUBASE는 예상·가능 모드를 '?'로 적음
중간,참조에 없는 붕괴 모드,48S,16,32,48,붕괴 방식,B-2N,B-,,출처 확인 · 세기 미상(?) — NUBASE는 예상·가능 모드를 '?'로 적음
중간,참조에 없는 붕괴 모드,42Cl,17,25,42,붕괴 방식,B-N,B- 100%,,출처 확인 · 세기 미상(?) — NUBASE는 예상·가능 모드를 '?'로 적음
중간,참조에 없는 붕괴 모드,43Cl,17,26,43,붕괴 방식,B-N,B- 100%,,출처 확인 · 세기 미상(?) — NUBASE는 예상·가능 모드를 '?'로 적음
중간,참조에 없는 붕괴 모드,46Cl,17,29,46,붕괴 방식,B-2N,"B- 100%, B-N 60%",,출처 확인 · 세기 미상(?) — NUBASE는 예상·가능 모드를 '?'로 적음
중간,참조에 없는 붕괴 모드,47Cl,17,30,47,붕괴 방식,B-2N,"B- 100%, B-N 3%",,출처 확인 · 세기 미상(?) — NUBASE는 예상·가능 모드를 '?'로 적음
중간,참조에 없는 붕괴 모드,48Cl,17,31,48,붕괴 방식,B-N,B-,,출처 확인 · 세기 미상(?) — NUBASE는 예상·가능 모드를 '?'로 적음
중간,참조에 없는 붕괴 모드,48Cl,17,31,48,붕괴 방식,B-2N,B-,,출처 확인 · 세기 미상(?) — NUBASE는 예상·가능 모드를 '?'로 적음
중간,참조에 없는 붕괴 모드,49Cl,17,32,49,붕괴 방식,B-N,B-,,출처 확인 · 세기 미상(?) — NUBASE는 예상·가능 모드를 '?'로 적음
중간,참조에 없는 붕괴 모드,49Cl,17,32,49,붕괴 방식,B-2N,B-,,출처 확인 · 세기 미상(?) — NUBASE는 예상·가능 모드를 '?'로 적음
중간,참조에 없는 붕괴 모드,51Cl,17,34,51,붕괴 방식,B-N,B- 100%,,출처 확인 · 세기 미상(?) — NUBASE는 예상·가능 모드를 '?'로 적음
중간,참조에 없는 붕괴 모드,51Cl,17,34,51,붕괴 방식,B-2N,B- 100%,,출처 확인 · 세기 미상(?) — NUBASE는 예상·가능 모드를 '?'로 적음
중간,참조에 없는 붕괴 모드,49Ar,18,31,49,붕괴 방식,B-2N,"B- 100%, B-N 65%",,출처 확인 · 세기 미상(?) — NUBASE는 예상·가능 모드를 '?'로 적음
중간,참조에 없는 붕괴 모드,51Ar,18,33,51,붕괴 방식,B-N,B- 100%,,출처 확인 · 세기 미상(?) — NUBASE는 예상·가능 모드를 '?'로 적음
중간,참조에 없는 붕괴 모드,51Ar,18,33,51,붕괴 방식,B-2N,B- 100%,,출처 확인 · 세기 미상(?) — NUBASE는 예상·가능 모드를 '?'로 적음
중간,참조에 없는 붕괴 모드,31K,19,12,31,붕괴 방식,3P 100%,P 100%,,출처 확인
중간,참조에 없는 붕괴 모드,51K,19,32,51,붕괴 방식,B-2N,"B- 100%, B-N 65%",,출처 확인 · 세기 미상(?) — NUBASE는 예상·가능 모드를 '?'로 적음
중간,참조에 없는 붕괴 모드,58Ca,20,38,58,붕괴 방식,B-2N,"B-N, B-",,출처 확인 · 세기 미상(?) — NUBASE는 예상·가능 모드를 '?'로 적음
중간,참조에 없는 붕괴 모드,52Sc,21,31,52,붕괴 방식,B-N,B- 100%,,출처 확인 · 세기 미상(?) — NUBASE는 예상·가능 모드를 '?'로 적음
중간,참조에 없는 붕괴 모드,55Sc,21,34,55,붕괴 방식,B-2N,"B- 100%, B-N 17%",,출처 확인 · 세기 미상(?) — NUBASE는 예상·가능 모드를 '?'로 적음
중간,참조에 없는 붕괴 모드,58Sc,21,37,58,붕괴 방식,B-2N,"B- 100%, B-N",,출처 확인 · 세기 미상(?) — NUBASE는 예상·가능 모드를 '?'로 적음
중간,참조에 없는 붕괴 모드,59Sc,21,38,59,붕괴 방식,B-2N,"B- 100%, B-N",,출처 확인 · 세기 미상(?) — NUBASE는 예상·가능 모드를 '?'로 적음
중간,참조에 없는 붕괴 모드,55Ti,22,33,55,붕괴 방식,B-N,B- 100%,,출처 확인 · 세기 미상(?) — NUBASE는 예상·가능 모드를 '?'로 적음
중간,참조에 없는 붕괴 모드,59Ti,22,37,59,붕괴 방식,B-N,B- 100%,,출처 확인 · 세기 미상(?) — NUBASE는 예상·가능 모드를 '?'로 적음
중간,참조에 없는 붕괴 모드,59Ti,22,37,59,붕괴 방식,B-2N,B- 100%,,출처 확인 · 세기 미상(?) — NUBASE는 예상·가능 모드를 '?'로 적음
중간,참조에 없는 붕괴 모드,62Ti,22,40,62,붕괴 방식,B-2N,"B-, B-N",,출처 확인 · 세기 미상(?) — NUBASE는 예상·가능 모드를 '?'로 적음
중간,참조에 없는 붕괴 모드,63Ti,22,41,63,붕괴 방식,B-2N,"B-N, B-",,출처 확인 · 세기 미상(?) — NUBASE는 예상·가능 모드를 '?'로 적음
중간,참조에 없는 붕괴 모드,44V,23,21,44,붕괴 방식,EC/B+ p,"EC+B+ 100%, ECA",,출처 확인 · 세기 미상(?) — NUBASE는 예상·가능 모드를 '?'로 적음
중간,참조에 없는 붕괴 모드,62V,23,39,62,붕괴 방식,B-2N,"B- 100%, B-N",,출처 확인 · 세기 미상(?) — NUBASE는 예상·가능 모드를 '?'로 적음
중간,참조에 없는 붕괴 모드,63V,23,40,63,붕괴 방식,B-2N,"B- 100%, B-N 35%",,출처 확인 · 세기 미상(?) — NUBASE는 예상·가능 모드를 '?'로 적음
중간,참조에 없는 붕괴 모드,65V,23,42,65,붕괴 방식,B-2N,"B- 100%, B-N",,출처 확인 · 세기 미상(?) — NUBASE는 예상·가능 모드를 '?'로 적음
중간,참조에 없는 붕괴 모드,66V,23,43,66,붕괴 방식,B-2N,"B-, B-N",,출처 확인 · 세기 미상(?) — NUBASE는 예상·가능 모드를 '?'로 적음
중간,참조에 없는 붕괴 모드,42Cr,24,18,42,붕괴 방식,2P,"EC+B+ 100%, ECP 94.4%",,출처 확인 · 세기 미상(?) — NUBASE는 예상·가능 모드를 '?'로 적음
중간,참조에 없는 붕괴 모드,65Cr,24,41,65,붕괴 방식,B-N,B- 100%,,출처 확인 · 세기 미상(?) — NUBASE는 예상·가능 모드를 '?'로 적음
중간,참조에 없는 붕괴 모드,65Cr,24,41,65,붕괴 방식,B-2N,B- 100%,,출처 확인 · 세기 미상(?) — NUBASE는 예상·가능 모드를 '?'로 적음
중간,참조에 없는 붕괴 모드,66Cr,24,42,66,붕괴 방식,B-N,B- 100%,,출처 확인 · 세기 미상(?) — NUBASE는 예상·가능 모드를 '?'로 적음
중간,참조에 없는 붕괴 모드,66Cr,24,42,66,붕괴 방식,B-2N,B- 100%,,출처 확인 · 세기 미상(?) — NUBASE는 예상·가능 모드를 '?'로 적음
중간,참조에 없는 붕괴 모드,68Cr,24,44,68,붕괴 방식,B-2N,"B- 100%, B-N",,출처 확인 · 세기 미상(?) — NUBASE는 예상·가능 모드를 '?'로 적음
중간,참조에 없는 붕괴 모드,46Mn,25,21,46,붕괴 방식,EC/B+ 2p 18%,"EC+B+ 100%, ECP 57%",,출처 확인
중간,참조에 없는 붕괴 모드,46Mn,25,21,46,붕괴 방식,EC/B+ α,"EC+B+ 100%, ECP 57%",,출처 확인 · 세기 미상(?) — NUBASE는 예상·가능 모드를 '?'로 적음
중간,참조에 없는 붕괴 모드,66Mn,25,41,66,붕괴 방식,B-N 7.4%,B- 100%,,출처 확인
중간,참조에 없는 붕괴 모드,66Mn,25,41,66,붕괴 방식,B-2N,B- 100%,,출처 확인 · 세기 미상(?) — NUBASE는 예상·가능 모드를 '?'로 적음
중간,참조에 없는 붕괴 모드,67Mn,25,42,67,붕괴 방식,B-2N,"B- 100%, B-N",,출처 확인 · 세기 미상(?) — NUBASE는 예상·가능 모드를 '?'로 적음
중간,참조에 없는 붕괴 모드,68Mn,25,43,68,붕괴 방식,B-2N,"B- 100%, B-N",,출처 확인 · 세기 미상(?) — NUBASE는 예상·가능 모드를 '?'로 적음
중간,참조에 없는 붕괴 모드,69Mn,25,44,69,붕괴 방식,B-N 40%,B- 100%,,출처 확인
중간,참조에 없는 붕괴 모드,69Mn,25,44,69,붕괴 방식,B-2N,B- 100%,,출처 확인 · 세기 미상(?) — NUBASE는 예상·가능 모드를 '?'로 적음
중간,참조에 없는 붕괴 모드,70Mn,25,45,70,붕괴 방식,B-2N,"B- 100%, B-N 50%",,출처 확인 · 세기 미상(?) — NUBASE는 예상·가능 모드를 '?'로 적음
중간,참조에 없는 붕괴 모드,46Fe,26,20,46,붕괴 방식,EC/B+ 2p,"EC+B+ 100%, ECP 78.7%",,출처 확인 · 세기 미상(?) — NUBASE는 예상·가능 모드를 '?'로 적음
중간,참조에 없는 붕괴 모드,65Fe,26,39,65,붕괴 방식,B-N,B- 100%,,출처 확인 · 세기 미상(?) — NUBASE는 예상·가능 모드를 '?'로 적음
중간,참조에 없는 붕괴 모드,66Fe,26,40,66,붕괴 방식,B-N,B- 100%,,출처 확인 · 세기 미상(?) — NUBASE는 예상·가능 모드를 '?'로 적음
중간,참조에 없는 붕괴 모드,67Fe,26,41,67,붕괴 방식,B-N,B- 100%,,출처 확인 · 세기 미상(?) — NUBASE는 예상·가능 모드를 '?'로 적음
중간,참조에 없는 붕괴 모드,69Fe,26,43,69,붕괴 방식,B-N,B- 100%,,출처 확인 · 세기 미상(?) — NUBASE는 예상·가능 모드를 '?'로 적음
중간,참조에 없는 붕괴 모드,69Fe,26,43,69,붕괴 방식,B-2N,B- 100%,,출처 확인 · 세기 미상(?) — NUBASE는 예상·가능 모드를 '?'로 적음
중간,참조에 없는 붕괴 모드,72Fe,26,46,72,붕괴 방식,B-2N,"B- 100%, B-N 27.6%",,출처 확인 · 세기 미상(?) — NUBASE는 예상·가능 모드를 '?'로 적음
중간,참조에 없는 붕괴 모드,66Co,27,39,66,붕괴 방식,B-N,B- 100%,,출처 확인 · 세기 미상(?) — NUBASE는 예상·가능 모드를 '?'로 적음
중간,참조에 없는 붕괴 모드,67Co,27,40,67,붕괴 방식,B-N,B- 100%,,출처 확인 · 세기 미상(?) — NUBASE는 예상·가능 모드를 '?'로 적음
중간,참조에 없는 붕괴 모드,68Co,27,41,68,붕괴 방식,B-N,B- 100%,,출처 확인 · 세기 미상(?) — NUBASE는 예상·가능 모드를 '?'로 적음
중간,참조에 없는 붕괴 모드,69Co,27,42,69,붕괴 방식,B-N,B- 100%,,출처 확인 · 세기 미상(?) — NUBASE는 예상·가능 모드를 '?'로 적음
중간,참조에 없는 붕괴 모드,70Co,27,43,70,붕괴 방식,IT,"B- 100%, B-N",,[Co-70m와 비교] 출처 확인 · 세기 미상(?) — NUBASE는 예상·가능 모드를 '?'로 적음
중간,참조에 없는 붕괴 모드,70Co,27,43,70,붕괴 방식,B-2N,"B- 100%, B-N",,[Co-70m와 비교] 출처 확인 · 세기 미상(?) — NUBASE는 예상·가능 모드를 '?'로 적음
중간,참조에 없는 붕괴 모드,72Co,27,45,72,붕괴 방식,B-2N,"B- 100%, B-N 6%",,출처 확인 · 세기 미상(?) — NUBASE는 예상·가능 모드를 '?'로 적음
중간,참조에 없는 붕괴 모드,48Ni,28,20,48,붕괴 방식,EC/B+ 30%,"2P 70%, B+P 30%",,출처 확인
중간,참조에 없는 붕괴 모드,54Ni,28,26,54,붕괴 방식,EC/B+ p,EC+B+ 100%,,출처 확인 · 세기 미상(?) — NUBASE는 예상·가능 모드를 '?'로 적음
중간,참조에 없는 붕괴 모드,72Ni,28,44,72,붕괴 방식,B-N,B- 100%,,출처 확인 · 세기 미상(?) — NUBASE는 예상·가능 모드를 '?'로 적음
중간,참조에 없는 붕괴 모드,78Ni,28,50,78,붕괴 방식,B-2N,"B- 100%, B-N",,출처 확인 · 세기 미상(?) — NUBASE는 예상·가능 모드를 '?'로 적음
중간,참조에 없는 붕괴 모드,78Cu,29,49,78,붕괴 방식,B-2N,"B- 100%, B-N 65%",,출처 확인 · 세기 미상(?) — NUBASE는 예상·가능 모드를 '?'로 적음
중간,참조에 없는 붕괴 모드,78Zn,30,48,78,붕괴 방식,B-N,B- 100%,,출처 확인 · 세기 미상(?) — NUBASE는 예상·가능 모드를 '?'로 적음
중간,참조에 없는 붕괴 모드,81Zn,30,51,81,붕괴 방식,B-2N,"B- 100%, B-N 23%",,[참조: 단건 API 최신값] 출처 확인 · 세기 미상(?) — NUBASE는 예상·가능 모드를 '?'로 적음
중간,참조에 없는 붕괴 모드,82Zn,30,52,82,붕괴 방식,B-2N,"B- 100%, B-N 69%",,출처 확인 · 세기 미상(?) — NUBASE는 예상·가능 모드를 '?'로 적음
중간,참조에 없는 붕괴 모드,83Zn,30,53,83,붕괴 방식,B-2N,"B- 100%, B-N",,출처 확인 · 세기 미상(?) — NUBASE는 예상·가능 모드를 '?'로 적음
중간,참조에 없는 붕괴 모드,82Ga,31,51,82,붕괴 방식,B-2N,"B- 100%, B-N 22.2%",,출처 확인 · 세기 미상(?) — NUBASE는 예상·가능 모드를 '?'로 적음
중간,참조에 없는 붕괴 모드,83Ga,31,52,83,붕괴 방식,B-2N,"B- 100%, B-N 62.8%",,출처 확인 · 세기 미상(?) — NUBASE는 예상·가능 모드를 '?'로 적음
중간,참조에 없는 붕괴 모드,85Ga,31,54,85,붕괴 방식,B-2N 1.3%,"B- 100%, B-N 35%",,출처 확인
중간,참조에 없는 붕괴 모드,59Ge,32,27,59,붕괴 방식,EC/B+ p 93%,"2P 0.2%, EC+B+",,출처 확인
중간,참조에 없는 붕괴 모드,60Ge,32,28,60,붕괴 방식,EC/B+ 2p <14%,"EC+B+, ECP",,출처 확인
중간,참조에 없는 붕괴 모드,63Ge,32,31,63,붕괴 방식,EC/B+ p,EC+B+ 100%,,출처 확인 · 세기 미상(?) — NUBASE는 예상·가능 모드를 '?'로 적음
중간,참조에 없는 붕괴 모드,87Ge,32,55,87,붕괴 방식,B-2N,"B- 100%, B-N",,출처 확인 · 세기 미상(?) — NUBASE는 예상·가능 모드를 '?'로 적음
중간,참조에 없는 붕괴 모드,88Ge,32,56,88,붕괴 방식,B-2N,"B-, B-N",,출처 확인 · 세기 미상(?) — NUBASE는 예상·가능 모드를 '?'로 적음
중간,참조에 없는 붕괴 모드,65As,33,32,65,붕괴 방식,EC/B+ p,EC+B+ 100%,,출처 확인 · 세기 미상(?) — NUBASE는 예상·가능 모드를 '?'로 적음
중간,참조에 없는 붕괴 모드,87As,33,54,87,붕괴 방식,B-2N,"B- 100%, B-N 15.4%",,출처 확인 · 세기 미상(?) — NUBASE는 예상·가능 모드를 '?'로 적음
중간,참조에 없는 붕괴 모드,90As,33,57,90,붕괴 방식,B-2N,"B- 100%, B-N",,출처 확인 · 세기 미상(?) — NUBASE는 예상·가능 모드를 '?'로 적음
중간,참조에 없는 붕괴 모드,91As,33,58,91,붕괴 방식,B-2N,"B- 100%, B-N",,출처 확인 · 세기 미상(?) — NUBASE는 예상·가능 모드를 '?'로 적음
중간,참조에 없는 붕괴 모드,92As,33,59,92,붕괴 방식,B-N,B- 100%,,출처 확인 · 세기 미상(?) — NUBASE는 예상·가능 모드를 '?'로 적음
중간,참조에 없는 붕괴 모드,92As,33,59,92,붕괴 방식,B-2N,B- 100%,,출처 확인 · 세기 미상(?) — NUBASE는 예상·가능 모드를 '?'로 적음
중간,참조에 없는 붕괴 모드,66Se,34,32,66,붕괴 방식,EC/B+ p,EC 100%,,출처 확인 · 세기 미상(?) — NUBASE는 예상·가능 모드를 '?'로 적음
중간,참조에 없는 붕괴 모드,86Se,34,52,86,붕괴 방식,B-N,B- 100%,,출처 확인 · 세기 미상(?) — NUBASE는 예상·가능 모드를 '?'로 적음
중간,참조에 없는 붕괴 모드,91Se,34,57,91,붕괴 방식,B-2N,"B- 100%, B-N 21%",,출처 확인 · 세기 미상(?) — NUBASE는 예상·가능 모드를 '?'로 적음
중간,참조에 없는 붕괴 모드,92Se,34,58,92,붕괴 방식,B-N,B- 100%,,출처 확인 · 세기 미상(?) — NUBASE는 예상·가능 모드를 '?'로 적음
중간,참조에 없는 붕괴 모드,92Se,34,58,92,붕괴 방식,B-2N,B- 100%,,출처 확인 · 세기 미상(?) — NUBASE는 예상·가능 모드를 '?'로 적음
중간,참조에 없는 붕괴 모드,93Se,34,59,93,붕괴 방식,B-N,B- 100%,,출처 확인 · 세기 미상(?) — NUBASE는 예상·가능 모드를 '?'로 적음
중간,참조에 없는 붕괴 모드,93Se,34,59,93,붕괴 방식,B-2N,B- 100%,,출처 확인 · 세기 미상(?) — NUBASE는 예상·가능 모드를 '?'로 적음
중간,참조에 없는 붕괴 모드,94Se,34,60,94,붕괴 방식,B-N,B- 100%,,출처 확인 · 세기 미상(?) — NUBASE는 예상·가능 모드를 '?'로 적음
중간,참조에 없는 붕괴 모드,94Se,34,60,94,붕괴 방식,B-2N,B- 100%,,출처 확인 · 세기 미상(?) — NUBASE는 예상·가능 모드를 '?'로 적음
중간,참조에 없는 붕괴 모드,70Br,35,35,70,붕괴 방식,EC/B+ p,EC+B+ 100%,,출처 확인 · 세기 미상(?) — NUBASE는 예상·가능 모드를 '?'로 적음
중간,참조에 없는 붕괴 모드,92Br,35,57,92,붕괴 방식,B-2N,"B- 100%, B-N 33.1%",,출처 확인 · 세기 미상(?) — NUBASE는 예상·가능 모드를 '?'로 적음
중간,참조에 없는 붕괴 모드,93Br,35,58,93,붕괴 방식,B-2N,"B- 100%, B-N 68%",,출처 확인 · 세기 미상(?) — NUBASE는 예상·가능 모드를 '?'로 적음
중간,참조에 없는 붕괴 모드,94Br,35,59,94,붕괴 방식,B-2N,"B- 100%, B-N 68%",,출처 확인 · 세기 미상(?) — NUBASE는 예상·가능 모드를 '?'로 적음
중간,참조에 없는 붕괴 모드,95Br,35,60,95,붕괴 방식,B-2N,"B- 100%, B-N 34%",,출처 확인 · 세기 미상(?) — NUBASE는 예상·가능 모드를 '?'로 적음
중간,참조에 없는 붕괴 모드,96Br,35,61,96,붕괴 방식,B-2N,"B- 100%, B-N 27.6%",,출처 확인 · 세기 미상(?) — NUBASE는 예상·가능 모드를 '?'로 적음
중간,참조에 없는 붕괴 모드,68Kr,36,32,68,붕괴 방식,P,"EC+B+ 100%, ECP 89%",,출처 확인 · 세기 미상(?) — NUBASE는 예상·가능 모드를 '?'로 적음
중간,참조에 없는 붕괴 모드,91Kr,36,55,91,붕괴 방식,B-N,B- 100%,,출처 확인 · 세기 미상(?) — NUBASE는 예상·가능 모드를 '?'로 적음
중간,참조에 없는 붕괴 모드,95Kr,36,59,95,붕괴 방식,B-2N,"B- 100%, B-N 2.87%",,출처 확인 · 세기 미상(?) — NUBASE는 예상·가능 모드를 '?'로 적음
중간,참조에 없는 붕괴 모드,97Kr,36,61,97,붕괴 방식,B-2N,"B- 100%, B-N 6.7%",,출처 확인 · 세기 미상(?) — NUBASE는 예상·가능 모드를 '?'로 적음
중간,참조에 없는 붕괴 모드,99Kr,36,63,99,붕괴 방식,B-2N,"B- 100%, B-N 11%",,출처 확인 · 세기 미상(?) — NUBASE는 예상·가능 모드를 '?'로 적음
중간,참조에 없는 붕괴 모드,74Rb,37,37,74,붕괴 방식,EC/B+ p,EC+B+ 100%,,출처 확인 · 세기 미상(?) — NUBASE는 예상·가능 모드를 '?'로 적음
중간,참조에 없는 붕괴 모드,91Rb,37,54,91,붕괴 방식,B-N,B- 100%,,출처 확인 · 세기 미상(?) — NUBASE는 예상·가능 모드를 '?'로 적음
중간,참조에 없는 붕괴 모드,96Rb,37,59,96,붕괴 방식,B-2N,"B- 100%, B-N 13.3%",,출처 확인 · 세기 미상(?) — NUBASE는 예상·가능 모드를 '?'로 적음
중간,참조에 없는 붕괴 모드,101Rb,37,64,101,붕괴 방식,B-2N,"B- 100%, B-N 28%",,출처 확인 · 세기 미상(?) — NUBASE는 예상·가능 모드를 '?'로 적음
중간,참조에 없는 붕괴 모드,102Rb,37,65,102,붕괴 방식,B-2N,"B- 100%, B-N 18%",,출처 확인 · 세기 미상(?) — NUBASE는 예상·가능 모드를 '?'로 적음
중간,참조에 없는 붕괴 모드,96Sr,38,58,96,붕괴 방식,B-N,B- 100%,,출처 확인 · 세기 미상(?) — NUBASE는 예상·가능 모드를 '?'로 적음
중간,참조에 없는 붕괴 모드,76Y,39,37,76,붕괴 방식,EC/B+ p,"P, EC+B+",,출처 확인 · 세기 미상(?) — NUBASE는 예상·가능 모드를 '?'로 적음
중간,참조에 없는 붕괴 모드,105Y,39,66,105,붕괴 방식,B-2N,"B- 100%, B-N 82%",,출처 확인 · 세기 미상(?) — NUBASE는 예상·가능 모드를 '?'로 적음
중간,참조에 없는 붕괴 모드,109Y,39,70,109,붕괴 방식,B-N,B- 100%,,출처 확인 · 세기 미상(?) — NUBASE는 예상·가능 모드를 '?'로 적음
중간,참조에 없는 붕괴 모드,109Y,39,70,109,붕괴 방식,B-2N,B- 100%,,출처 확인 · 세기 미상(?) — NUBASE는 예상·가능 모드를 '?'로 적음
중간,참조에 없는 붕괴 모드,78Zr,40,38,78,붕괴 방식,EC/B+ p,EC+B+,,출처 확인 · 세기 미상(?) — NUBASE는 예상·가능 모드를 '?'로 적음
중간,참조에 없는 붕괴 모드,103Zr,40,63,103,붕괴 방식,B-N <1%,B- 100%,,출처 확인
중간,참조에 없는 붕괴 모드,104Zr,40,64,104,붕괴 방식,B-N <1%,B- 100%,,출처 확인
중간,참조에 없는 붕괴 모드,109Zr,40,69,109,붕괴 방식,B-N,B- 100%,,출처 확인 · 세기 미상(?) — NUBASE는 예상·가능 모드를 '?'로 적음
중간,참조에 없는 붕괴 모드,109Zr,40,69,109,붕괴 방식,B-2N,B- 100%,,출처 확인 · 세기 미상(?) — NUBASE는 예상·가능 모드를 '?'로 적음
중간,참조에 없는 붕괴 모드,81Nb,41,40,81,붕괴 방식,P,EC+B+,,출처 확인 · 세기 미상(?) — NUBASE는 예상·가능 모드를 '?'로 적음
중간,참조에 없는 붕괴 모드,81Nb,41,40,81,붕괴 방식,EC/B+ p,EC+B+,,출처 확인 · 세기 미상(?) — NUBASE는 예상·가능 모드를 '?'로 적음
중간,참조에 없는 붕괴 모드,103Nb,41,62,103,붕괴 방식,B-N,B- 100%,,출처 확인 · 세기 미상(?) — NUBASE는 예상·가능 모드를 '?'로 적음
중간,참조에 없는 붕괴 모드,107Nb,41,66,107,붕괴 방식,B-N 7.4%,B- 100%,,출처 확인
중간,참조에 없는 붕괴 모드,110Nb,41,69,110,붕괴 방식,B-2N,"B- 100%, B-N 40%",,출처 확인 · 세기 미상(?) — NUBASE는 예상·가능 모드를 '?'로 적음
중간,참조에 없는 붕괴 모드,112Nb,41,71,112,붕괴 방식,B-N,B- 100%,,출처 확인 · 세기 미상(?) — NUBASE는 예상·가능 모드를 '?'로 적음
중간,참조에 없는 붕괴 모드,112Nb,41,71,112,붕괴 방식,B-2N,B- 100%,,출처 확인 · 세기 미상(?) — NUBASE는 예상·가능 모드를 '?'로 적음
중간,참조에 없는 붕괴 모드,83Mo,42,41,83,붕괴 방식,EC/B+ p,EC+B+ 100%,,출처 확인 · 세기 미상(?) — NUBASE는 예상·가능 모드를 '?'로 적음
중간,참조에 없는 붕괴 모드,108Mo,42,66,108,붕괴 방식,B-N <0.5%,B- 100%,,출처 확인
중간,참조에 없는 붕괴 모드,112Mo,42,70,112,붕괴 방식,B-N,B- 100%,,출처 확인 · 세기 미상(?) — NUBASE는 예상·가능 모드를 '?'로 적음
중간,참조에 없는 붕괴 모드,87Tc,43,44,87,붕괴 방식,EC/B+ p <0.7%,EC+B+ 100%,,출처 확인
중간,참조에 없는 붕괴 모드,98Tc,43,55,98,붕괴 방식,EC/B+ 0%,B- 100%,,출처 확인
중간,참조에 없는 붕괴 모드,91Ru,44,47,91,붕괴 방식,EC/B+ p,EC+B+ 100%,,출처 확인 · 세기 미상(?) — NUBASE는 예상·가능 모드를 '?'로 적음
중간,참조에 없는 붕괴 모드,114Ru,44,70,114,붕괴 방식,B-N,B- 100%,,출처 확인 · 세기 미상(?) — NUBASE는 예상·가능 모드를 '?'로 적음
중간,참조에 없는 붕괴 모드,114Ru,44,70,114,붕괴 방식,B-2N,B- 100%,,출처 확인 · 세기 미상(?) — NUBASE는 예상·가능 모드를 '?'로 적음
중간,참조에 없는 붕괴 모드,92Rh,45,47,92,붕괴 방식,EC/B+ p 2.05%,EC+B+ 100%,,[참조: 단건 API 최신값] 출처 확인
중간,참조에 없는 붕괴 모드,115Rh,45,70,115,붕괴 방식,B-N,B- 100%,,출처 확인 · 세기 미상(?) — NUBASE는 예상·가능 모드를 '?'로 적음
중간,참조에 없는 붕괴 모드,116Rh,45,71,116,붕괴 방식,B-N <2.1%,B- 100%,,출처 확인
중간,참조에 없는 붕괴 모드,117Rh,45,72,117,붕괴 방식,B-N <7.6%,B- 100%,,출처 확인
중간,참조에 없는 붕괴 모드,91Pd,46,45,91,붕괴 방식,EC/B+ p 3.1%,EC+B+ 100%,,출처 확인
중간,참조에 없는 붕괴 모드,92Pd,46,46,92,붕괴 방식,EC/B+ p 1.6%,EC+B+ 100%,,출처 확인
중간,참조에 없는 붕괴 모드,94Pd,46,48,94,붕괴 방식,EC/B+ p <0.13%,EC+B+ 100%,,출처 확인
중간,참조에 없는 붕괴 모드,95Pd,46,49,95,붕괴 방식,EC/B+ p 0.23%,EC+B+ 100%,,출처 확인
중간,참조에 없는 붕괴 모드,119Pd,46,73,119,붕괴 방식,B-N,B- 100%,,출처 확인 · 세기 미상(?) — NUBASE는 예상·가능 모드를 '?'로 적음
중간,참조에 없는 붕괴 모드,127Ag,47,80,127,붕괴 방식,B-N 14.6%,B- 100%,,출처 확인
중간,참조에 없는 붕괴 모드,128Ag,47,81,128,붕괴 방식,B-2N,"B- 100%, B-N",,출처 확인 · 세기 미상(?) — NUBASE는 예상·가능 모드를 '?'로 적음
중간,참조에 없는 붕괴 모드,96Cd,48,48,96,붕괴 방식,EC/B+ p 1.6%,EC+B+ 100%,,출처 확인
중간,참조에 없는 붕괴 모드,127Cd,48,79,127,붕괴 방식,B-N,B- 100%,,출처 확인 · 세기 미상(?) — NUBASE는 예상·가능 모드를 '?'로 적음
중간,참조에 없는 붕괴 모드,128Cd,48,80,128,붕괴 방식,B-N,B- 100%,,출처 확인 · 세기 미상(?) — NUBASE는 예상·가능 모드를 '?'로 적음
중간,참조에 없는 붕괴 모드,131Cd,48,83,131,붕괴 방식,B-2N,"B- 100%, B-N 3.5%",,출처 확인 · 세기 미상(?) — NUBASE는 예상·가능 모드를 '?'로 적음
중간,참조에 없는 붕괴 모드,97In,49,48,97,붕괴 방식,P,"B+ 100%, B+P 1.7%",,출처 확인 · 세기 미상(?) — NUBASE는 예상·가능 모드를 '?'로 적음
중간,참조에 없는 붕괴 모드,99In,49,50,99,붕괴 방식,EC/B+ 100%,B+P 0.9%,,출처 확인
중간,참조에 없는 붕괴 모드,133In,49,84,133,붕괴 방식,B-2N,"B- 100%, B-N 85%",,출처 확인 · 세기 미상(?) — NUBASE는 예상·가능 모드를 '?'로 적음
중간,참조에 없는 붕괴 모드,134In,49,85,134,붕괴 방식,B-2N <4%,"B- 100%, B-N 65%",,출처 확인
중간,참조에 없는 붕괴 모드,136Sn,50,86,136,붕괴 방식,B-2N,"B- 100%, B-N 27%",,출처 확인 · 세기 미상(?) — NUBASE는 예상·가능 모드를 '?'로 적음
중간,참조에 없는 붕괴 모드,137Sn,50,87,137,붕괴 방식,B-2N,"B- 100%, B-N 58%",,출처 확인 · 세기 미상(?) — NUBASE는 예상·가능 모드를 '?'로 적음
중간,참조에 없는 붕괴 모드,105Sb,51,54,105,붕괴 방식,EC/B+ p,"EC+B+ 100%, P",,출처 확인 · 세기 미상(?) — NUBASE는 예상·가능 모드를 '?'로 적음
중간,참조에 없는 붕괴 모드,134Sb,51,83,134,붕괴 방식,B-N,B- 100%,,출처 확인 · 세기 미상(?) — NUBASE는 예상·가능 모드를 '?'로 적음
중간,참조에 없는 붕괴 모드,137Sb,51,86,137,붕괴 방식,B-2N,"B- 100%, B-N 49%",,출처 확인 · 세기 미상(?) — NUBASE는 예상·가능 모드를 '?'로 적음
중간,참조에 없는 붕괴 모드,107Te,52,55,107,붕괴 방식,EC/B+ p,"A 70%, EC+B+ 30%",,출처 확인 · 세기 미상(?) — NUBASE는 예상·가능 모드를 '?'로 적음
중간,참조에 없는 붕괴 모드,141Te,52,89,141,붕괴 방식,B-2N,"B- 100%, B-N",,출처 확인 · 세기 미상(?) — NUBASE는 예상·가능 모드를 '?'로 적음
중간,참조에 없는 붕괴 모드,111I,53,58,111,붕괴 방식,EC/B+ p,"EC+B+ 99.9%, A 0.1%",,출처 확인 · 세기 미상(?) — NUBASE는 예상·가능 모드를 '?'로 적음
중간,참조에 없는 붕괴 모드,113I,53,60,113,붕괴 방식,EC/B+ α,"EC+B+ 100%, A 3.31e-07%",,출처 확인 · 세기 미상(?) — NUBASE는 예상·가능 모드를 '?'로 적음
중간,참조에 없는 붕괴 모드,114I,53,61,114,붕괴 방식,A 7.7e-09%,"EC+B+ 100%, B+P",,출처 확인
중간,참조에 없는 붕괴 모드,140I,53,87,140,붕괴 방식,B-2N,"B- 100%, B-N 7.6%",,출처 확인 · 세기 미상(?) — NUBASE는 예상·가능 모드를 '?'로 적음
중간,참조에 없는 붕괴 모드,143I,53,90,143,붕괴 방식,B-N,B-,,출처 확인 · 세기 미상(?) — NUBASE는 예상·가능 모드를 '?'로 적음
중간,참조에 없는 붕괴 모드,143I,53,90,143,붕괴 방식,B-2N,B-,,출처 확인 · 세기 미상(?) — NUBASE는 예상·가능 모드를 '?'로 적음
중간,참조에 없는 붕괴 모드,145I,53,92,145,붕괴 방식,B-2N,"B-N, B-",,출처 확인 · 세기 미상(?) — NUBASE는 예상·가능 모드를 '?'로 적음
중간,참조에 없는 붕괴 모드,109Xe,54,55,109,붕괴 방식,EC/B+,A 100%,,출처 확인 · 세기 미상(?) — NUBASE는 예상·가능 모드를 '?'로 적음
중간,참조에 없는 붕괴 모드,109Xe,54,55,109,붕괴 방식,EC/B+ p,A 100%,,출처 확인 · 세기 미상(?) — NUBASE는 예상·가능 모드를 '?'로 적음
중간,참조에 없는 붕괴 모드,111Xe,54,57,111,붕괴 방식,EC/B+ p,"A 8%, EC+B+",,출처 확인 · 세기 미상(?) — NUBASE는 예상·가능 모드를 '?'로 적음
중간,참조에 없는 붕괴 모드,112Xe,54,58,112,붕괴 방식,EC/B+ p,"EC+B+ 98.8%, A 1.2%",,출처 확인 · 세기 미상(?) — NUBASE는 예상·가능 모드를 '?'로 적음
중간,참조에 없는 붕괴 모드,144Xe,54,90,144,붕괴 방식,B-N 3%,B- 100%,,출처 확인
중간,참조에 없는 붕괴 모드,145Xe,54,91,145,붕괴 방식,B-2N,"B- 100%, B-N 5%",,출처 확인 · 세기 미상(?) — NUBASE는 예상·가능 모드를 '?'로 적음
중간,참조에 없는 붕괴 모드,147Xe,54,93,147,붕괴 방식,B-2N,"B- 100%, B-N 8%",,출처 확인 · 세기 미상(?) — NUBASE는 예상·가능 모드를 '?'로 적음
중간,참조에 없는 붕괴 모드,148Xe,54,94,148,붕괴 방식,B-2N,"B-N, B-",,출처 확인 · 세기 미상(?) — NUBASE는 예상·가능 모드를 '?'로 적음
중간,참조에 없는 붕괴 모드,119Cs,55,64,119,붕괴 방식,EC/B+ α <2e-06%,EC+B+ 100%,,출처 확인
중간,참조에 없는 붕괴 모드,122Cs,55,67,122,붕괴 방식,EC/B+ α <2e-07%,EC+B+ 100%,,출처 확인
중간,참조에 없는 붕괴 모드,146Cs,55,91,146,붕괴 방식,B-2N,"B- 100%, B-N 14.2%",,출처 확인 · 세기 미상(?) — NUBASE는 예상·가능 모드를 '?'로 적음
중간,참조에 없는 붕괴 모드,148Cs,55,93,148,붕괴 방식,B-2N,"B- 100%, B-N 25.1%",,출처 확인 · 세기 미상(?) — NUBASE는 예상·가능 모드를 '?'로 적음
중간,참조에 없는 붕괴 모드,149Cs,55,94,149,붕괴 방식,B-2N,"B- 100%, B-N 25%",,출처 확인 · 세기 미상(?) — NUBASE는 예상·가능 모드를 '?'로 적음
중간,참조에 없는 붕괴 모드,150Cs,55,95,150,붕괴 방식,B-2N,"B- 100%, B-N 20%",,출처 확인 · 세기 미상(?) — NUBASE는 예상·가능 모드를 '?'로 적음
중간,참조에 없는 붕괴 모드,151Cs,55,96,151,붕괴 방식,B-2N,"B- 100%, B-N",,출처 확인 · 세기 미상(?) — NUBASE는 예상·가능 모드를 '?'로 적음
중간,참조에 없는 붕괴 모드,121Ba,56,65,121,붕괴 방식,EC/B+ p 0.02%,EC+B+ 100%,,출처 확인
중간,참조에 없는 붕괴 모드,153Ba,56,97,153,붕괴 방식,B-2N,"B- 100%, B-N",,출처 확인 · 세기 미상(?) — NUBASE는 예상·가능 모드를 '?'로 적음
중간,참조에 없는 붕괴 모드,117La,57,60,117,붕괴 방식,EC/B+ p,"P 93.9%, EC+B+ 6.1%",,출처 확인 · 세기 미상(?) — NUBASE는 예상·가능 모드를 '?'로 적음
중간,참조에 없는 붕괴 모드,121La,57,64,121,붕괴 방식,EC/B+ p,EC+B+ 100%,,출처 확인 · 세기 미상(?) — NUBASE는 예상·가능 모드를 '?'로 적음
중간,참조에 없는 붕괴 모드,153La,57,96,153,붕괴 방식,B-2N,"B- 100%, B-N",,출처 확인 · 세기 미상(?) — NUBASE는 예상·가능 모드를 '?'로 적음
중간,참조에 없는 붕괴 모드,154La,57,97,154,붕괴 방식,B-2N,"B- 100%, B-N",,출처 확인 · 세기 미상(?) — NUBASE는 예상·가능 모드를 '?'로 적음
중간,참조에 없는 붕괴 모드,155La,57,98,155,붕괴 방식,B-2N,"B- 100%, B-N",,출처 확인 · 세기 미상(?) — NUBASE는 예상·가능 모드를 '?'로 적음
중간,참조에 없는 붕괴 모드,128Pr,59,69,128,붕괴 방식,EC/B+ p,EC+B+ 100%,,출처 확인 · 세기 미상(?) — NUBASE는 예상·가능 모드를 '?'로 적음
중간,참조에 없는 붕괴 모드,154Pr,59,95,154,붕괴 방식,B-N,B- 100%,,출처 확인 · 세기 미상(?) — NUBASE는 예상·가능 모드를 '?'로 적음
중간,참조에 없는 붕괴 모드,130Eu,63,67,130,붕괴 방식,EC/B+,P 100%,,출처 확인 · 세기 미상(?) — NUBASE는 예상·가능 모드를 '?'로 적음
중간,참조에 없는 붕괴 모드,130Eu,63,67,130,붕괴 방식,EC/B+ p,P 100%,,출처 확인 · 세기 미상(?) — NUBASE는 예상·가능 모드를 '?'로 적음
중간,참조에 없는 붕괴 모드,131Eu,63,68,131,붕괴 방식,EC/B+ p,"P 89%, EC+B+ 11%",,출처 확인 · 세기 미상(?) — NUBASE는 예상·가능 모드를 '?'로 적음
중간,참조에 없는 붕괴 모드,132Eu,63,69,132,붕괴 방식,EC/B+ p,"P, EC+B+",,출처 확인 · 세기 미상(?) — NUBASE는 예상·가능 모드를 '?'로 적음
중간,참조에 없는 붕괴 모드,165Eu,63,102,165,붕괴 방식,B-N,B- 100%,,출처 확인 · 세기 미상(?) — NUBASE는 예상·가능 모드를 '?'로 적음
중간,참조에 없는 붕괴 모드,143Gd,64,79,143,붕괴 방식,EC/B+ p,EC+B+ 100%,,출처 확인 · 세기 미상(?) — NUBASE는 예상·가능 모드를 '?'로 적음
중간,참조에 없는 붕괴 모드,143Gd,64,79,143,붕괴 방식,EC/B+ α,EC+B+ 100%,,출처 확인 · 세기 미상(?) — NUBASE는 예상·가능 모드를 '?'로 적음
중간,참조에 없는 붕괴 모드,148Gd,64,84,148,붕괴 방식,2EC/2B+,A 100%,,출처 확인 · 세기 미상(?) — NUBASE는 예상·가능 모드를 '?'로 적음
중간,참조에 없는 붕괴 모드,150Gd,64,86,150,붕괴 방식,2EC/2B+,A 100%,,출처 확인 · 세기 미상(?) — NUBASE는 예상·가능 모드를 '?'로 적음
중간,참조에 없는 붕괴 모드,152Gd,64,88,152,붕괴 방식,2EC/2B+,A 100%,,출처 확인 · 세기 미상(?) — NUBASE는 예상·가능 모드를 '?'로 적음
중간,참조에 없는 붕괴 모드,138Tb,65,73,138,붕괴 방식,EC/B+ p,EC+B+ 100%,,출처 확인 · 세기 미상(?) — NUBASE는 예상·가능 모드를 '?'로 적음
중간,참조에 없는 붕괴 모드,138Tb,65,73,138,붕괴 방식,P 0%,EC+B+ 100%,,출처 확인
중간,참조에 없는 붕괴 모드,154Tb,65,89,154,붕괴 방식,IT,"EC+B+ 100%, B- 0.1%",,[Tb-154m와 비교] 출처 확인 · 세기 미상(?) — NUBASE는 예상·가능 모드를 '?'로 적음
중간,참조에 없는 붕괴 모드,156Tb,65,91,156,붕괴 방식,B-,EC+B+ 100%,,출처 확인 · 세기 미상(?) — NUBASE는 예상·가능 모드를 '?'로 적음
중간,참조에 없는 붕괴 모드,140Dy,66,74,140,붕괴 방식,EC/B+ p,EC+B+,,출처 확인 · 세기 미상(?) — NUBASE는 예상·가능 모드를 '?'로 적음
중간,참조에 없는 붕괴 모드,154Dy,66,88,154,붕괴 방식,2EC/2B+,A 100%,,출처 확인 · 세기 미상(?) — NUBASE는 예상·가능 모드를 '?'로 적음
중간,참조에 없는 붕괴 모드,173Dy,66,107,173,붕괴 방식,B-N,B- 100%,,출처 확인 · 세기 미상(?) — NUBASE는 예상·가능 모드를 '?'로 적음
중간,참조에 없는 붕괴 모드,174Dy,66,108,174,붕괴 방식,B-N,B-,,출처 확인 · 세기 미상(?) — NUBASE는 예상·가능 모드를 '?'로 적음
중간,참조에 없는 붕괴 모드,140Ho,67,73,140,붕괴 방식,EC/B+,P 100%,,출처 확인 · 세기 미상(?) — NUBASE는 예상·가능 모드를 '?'로 적음
중간,참조에 없는 붕괴 모드,140Ho,67,73,140,붕괴 방식,EC/B+ p,P 100%,,출처 확인 · 세기 미상(?) — NUBASE는 예상·가능 모드를 '?'로 적음
중간,참조에 없는 붕괴 모드,141Ho,67,74,141,붕괴 방식,EC/B+,P 100%,,출처 확인 · 세기 미상(?) — NUBASE는 예상·가능 모드를 '?'로 적음
중간,참조에 없는 붕괴 모드,141Ho,67,74,141,붕괴 방식,EC/B+ p,P 100%,,출처 확인 · 세기 미상(?) — NUBASE는 예상·가능 모드를 '?'로 적음
중간,참조에 없는 붕괴 모드,158Ho,67,91,158,붕괴 방식,A,EC+B+ 100%,,출처 확인 · 세기 미상(?) — NUBASE는 예상·가능 모드를 '?'로 적음
중간,참조에 없는 붕괴 모드,177Ho,67,110,177,붕괴 방식,N,"B- 100%, B-N",,출처 확인 · 세기 미상(?) — NUBASE는 예상·가능 모드를 '?'로 적음
중간,참조에 없는 붕괴 모드,146Er,68,78,146,붕괴 방식,EC/B+ p,EC+B+ 100%,,출처 확인 · 세기 미상(?) — NUBASE는 예상·가능 모드를 '?'로 적음
중간,참조에 없는 붕괴 모드,179Er,68,111,179,붕괴 방식,B-N,B- 100%,,출처 확인 · 세기 미상(?) — NUBASE는 예상·가능 모드를 '?'로 적음
중간,참조에 없는 붕괴 모드,144Tm,69,75,144,붕괴 방식,EC/B+,P,,출처 확인 · 세기 미상(?) — NUBASE는 예상·가능 모드를 '?'로 적음
중간,참조에 없는 붕괴 모드,146Tm,69,77,146,붕괴 방식,EC/B+ p,"P, EC+B+",,[Tm-146m와 비교] 출처 확인 · 세기 미상(?) — NUBASE는 예상·가능 모드를 '?'로 적음
중간,참조에 없는 붕괴 모드,148Tm,69,79,148,붕괴 방식,EC/B+ p,EC+B+ 100%,,출처 확인 · 세기 미상(?) — NUBASE는 예상·가능 모드를 '?'로 적음
중간,참조에 없는 붕괴 모드,157Tm,69,88,157,붕괴 방식,A 0.00075%,EC+B+ 100%,,출처 확인
중간,참조에 없는 붕괴 모드,178Tm,69,109,178,붕괴 방식,B-N,B-,,출처 확인 · 세기 미상(?) — NUBASE는 예상·가능 모드를 '?'로 적음
중간,참조에 없는 붕괴 모드,179Tm,69,110,179,붕괴 방식,B-N,B-,,출처 확인 · 세기 미상(?) — NUBASE는 예상·가능 모드를 '?'로 적음
중간,참조에 없는 붕괴 모드,180Tm,69,111,180,붕괴 방식,B-N,B- 100%,,출처 확인 · 세기 미상(?) — NUBASE는 예상·가능 모드를 '?'로 적음
중간,참조에 없는 붕괴 모드,153Lu,71,82,153,붕괴 방식,P 0%,"A, EC+B+",,출처 확인
중간,참조에 없는 붕괴 모드,157Lu,71,86,157,붕괴 방식,EC/B+,A,,출처 확인 · 세기 미상(?) — NUBASE는 예상·가능 모드를 '?'로 적음
중간,참조에 없는 붕괴 모드,176Lu,71,105,176,붕괴 방식,EC/B+ 0.45%,B- 100%,,출처 확인
중간,참조에 없는 붕괴 모드,186Lu,71,115,186,붕괴 방식,B-N,B- 100%,,출처 확인 · 세기 미상(?) — NUBASE는 예상·가능 모드를 '?'로 적음
중간,참조에 없는 붕괴 모드,188Lu,71,117,188,붕괴 방식,B-N,B- 100%,,출처 확인 · 세기 미상(?) — NUBASE는 예상·가능 모드를 '?'로 적음
중간,참조에 없는 붕괴 모드,155Hf,72,83,155,붕괴 방식,A,EC+B+ 100%,,출처 확인 · 세기 미상(?) — NUBASE는 예상·가능 모드를 '?'로 적음
중간,참조에 없는 붕괴 모드,156Hf,72,84,156,붕괴 방식,EC/B+,A 100%,,출처 확인 · 세기 미상(?) — NUBASE는 예상·가능 모드를 '?'로 적음
중간,참조에 없는 붕괴 모드,174Hf,72,102,174,붕괴 방식,2EC/2B+,A 100%,,출처 확인 · 세기 미상(?) — NUBASE는 예상·가능 모드를 '?'로 적음
중간,참조에 없는 붕괴 모드,157Ta,73,84,157,붕괴 방식,EC/B+,"A 96.6%, P 3.4%",,출처 확인 · 세기 미상(?) — NUBASE는 예상·가능 모드를 '?'로 적음
중간,참조에 없는 붕괴 모드,160Ta,73,87,160,붕괴 방식,EC/B+,A 34%,,[Ta-160m와 비교] 출처 확인 · 세기 미상(?) — NUBASE는 예상·가능 모드를 '?'로 적음
중간,참조에 없는 붕괴 모드,192Ta,73,119,192,붕괴 방식,B-N,B- 100%,,출처 확인 · 세기 미상(?) — NUBASE는 예상·가능 모드를 '?'로 적음
중간,참조에 없는 붕괴 모드,157W,74,83,157,붕괴 방식,A 0%,EC,,출처 확인
중간,참조에 없는 붕괴 모드,180W,74,106,180,붕괴 방식,2EC/2B+,A 100%,,출처 확인 · 세기 미상(?) — NUBASE는 예상·가능 모드를 '?'로 적음
중간,참조에 없는 붕괴 모드,167Re,75,92,167,붕괴 방식,EC/B+,A 100%,,[참조: 단건 API 최신값] 출처 확인 · 세기 미상(?) — NUBASE는 예상·가능 모드를 '?'로 적음
중간,참조에 없는 붕괴 모드,183Ir,77,106,183,붕괴 방식,A,EC+B+ 100%,,출처 확인 · 세기 미상(?) — NUBASE는 예상·가능 모드를 '?'로 적음
중간,참조에 없는 붕괴 모드,200Ir,77,123,200,붕괴 방식,B-N,B-,,출처 확인 · 세기 미상(?) — NUBASE는 예상·가능 모드를 '?'로 적음
중간,참조에 없는 붕괴 모드,168Pt,78,90,168,붕괴 방식,EC/B+,A 100%,,출처 확인 · 세기 미상(?) — NUBASE는 예상·가능 모드를 '?'로 적음
중간,참조에 없는 붕괴 모드,169Pt,78,91,169,붕괴 방식,EC/B+,A 100%,,출처 확인 · 세기 미상(?) — NUBASE는 예상·가능 모드를 '?'로 적음
중간,참조에 없는 붕괴 모드,185Pt,78,107,185,붕괴 방식,A 0.005%,EC+B+ 100%,,출처 확인
중간,참조에 없는 붕괴 모드,190Pt,78,112,190,붕괴 방식,2EC/2B+,A 100%,,출처 확인 · 세기 미상(?) — NUBASE는 예상·가능 모드를 '?'로 적음
중간,참조에 없는 붕괴 모드,171Au,79,92,171,붕괴 방식,A,P 100%,,출처 확인 · 세기 미상(?) — NUBASE는 예상·가능 모드를 '?'로 적음
중간,참조에 없는 붕괴 모드,174Au,79,95,174,붕괴 방식,EC/B+,A,,출처 확인 · 세기 미상(?) — NUBASE는 예상·가능 모드를 '?'로 적음
중간,참조에 없는 붕괴 모드,175Au,79,96,175,붕괴 방식,EC/B+,A 90%,,출처 확인 · 세기 미상(?) — NUBASE는 예상·가능 모드를 '?'로 적음
중간,참조에 없는 붕괴 모드,193Au,79,114,193,붕괴 방식,A,EC+B+ 100%,,출처 확인 · 세기 미상(?) — NUBASE는 예상·가능 모드를 '?'로 적음
중간,참조에 없는 붕괴 모드,209Au,79,130,209,붕괴 방식,B-N,B- 100%,,출처 확인 · 세기 미상(?) — NUBASE는 예상·가능 모드를 '?'로 적음
중간,참조에 없는 붕괴 모드,171Hg,80,91,171,붕괴 방식,EC/B+,A 100%,,출처 확인 · 세기 미상(?) — NUBASE는 예상·가능 모드를 '?'로 적음
중간,참조에 없는 붕괴 모드,172Hg,80,92,172,붕괴 방식,EC/B+,A 100%,,출처 확인 · 세기 미상(?) — NUBASE는 예상·가능 모드를 '?'로 적음
중간,참조에 없는 붕괴 모드,174Hg,80,94,174,붕괴 방식,EC/B+,A 99.6%,,출처 확인 · 세기 미상(?) — NUBASE는 예상·가능 모드를 '?'로 적음
중간,참조에 없는 붕괴 모드,175Hg,80,95,175,붕괴 방식,EC/B+,A 100%,,출처 확인 · 세기 미상(?) — NUBASE는 예상·가능 모드를 '?'로 적음
중간,참조에 없는 붕괴 모드,176Hg,80,96,176,붕괴 방식,EC/B+,A 94%,,출처 확인 · 세기 미상(?) — NUBASE는 예상·가능 모드를 '?'로 적음
중간,참조에 없는 붕괴 모드,177Hg,80,97,177,붕괴 방식,EC/B+,A 100%,,출처 확인 · 세기 미상(?) — NUBASE는 예상·가능 모드를 '?'로 적음
중간,참조에 없는 붕괴 모드,182Hg,80,102,182,붕괴 방식,EC/B+ p <1e-05%,"EC+B+ 86.2%, A 13.8%",,출처 확인
중간,참조에 없는 붕괴 모드,191Hg,80,111,191,붕괴 방식,A,EC+B+ 100%,,출처 확인 · 세기 미상(?) — NUBASE는 예상·가능 모드를 '?'로 적음
중간,참조에 없는 붕괴 모드,192Hg,80,112,192,붕괴 방식,A,EC 100%,,출처 확인 · 세기 미상(?) — NUBASE는 예상·가능 모드를 '?'로 적음
중간,참조에 없는 붕괴 모드,209Hg,80,129,209,붕괴 방식,B-N,B- 100%,,출처 확인 · 세기 미상(?) — NUBASE는 예상·가능 모드를 '?'로 적음
중간,참조에 없는 붕괴 모드,176Tl,81,95,176,붕괴 방식,A,P 100%,,출처 확인 · 세기 미상(?) — NUBASE는 예상·가능 모드를 '?'로 적음
중간,참조에 없는 붕괴 모드,176Tl,81,95,176,붕괴 방식,EC/B+,P 100%,,출처 확인 · 세기 미상(?) — NUBASE는 예상·가능 모드를 '?'로 적음
중간,참조에 없는 붕괴 모드,178Tl,81,97,178,붕괴 방식,EC/B+ SF 0.15%,"A 53%, EC+B+ 47%",,출처 확인
중간,참조에 없는 붕괴 모드,181Tl,81,100,181,붕괴 방식,EC/B+,A 10%,,출처 확인 · 세기 미상(?) — NUBASE는 예상·가능 모드를 '?'로 적음
중간,참조에 없는 붕괴 모드,182Tl,81,101,182,붕괴 방식,EC/B+ SF <3.4e-06%,"EC+B+ 97.5%, A 5%",,출처 확인
중간,참조에 없는 붕괴 모드,185Tl,81,104,185,붕괴 방식,A,EC+B+,,출처 확인 · 세기 미상(?) — NUBASE는 예상·가능 모드를 '?'로 적음
중간,참조에 없는 붕괴 모드,186Tl,81,105,186,붕괴 방식,EC/B+,A,,출처 확인 · 세기 미상(?) — NUBASE는 예상·가능 모드를 '?'로 적음
중간,참조에 없는 붕괴 모드,209Tl,81,128,209,붕괴 방식,B-N,B- 100%,,출처 확인 · 세기 미상(?) — NUBASE는 예상·가능 모드를 '?'로 적음
중간,참조에 없는 붕괴 모드,178Pb,82,96,178,붕괴 방식,EC/B+,A 100%,,출처 확인 · 세기 미상(?) — NUBASE는 예상·가능 모드를 '?'로 적음
중간,참조에 없는 붕괴 모드,181Pb,82,99,181,붕괴 방식,EC/B+,A 100%,,출처 확인 · 세기 미상(?) — NUBASE는 예상·가능 모드를 '?'로 적음
중간,참조에 없는 붕괴 모드,183Pb,82,101,183,붕괴 방식,EC/B+,A 90%,,출처 확인 · 세기 미상(?) — NUBASE는 예상·가능 모드를 '?'로 적음
중간,참조에 없는 붕괴 모드,188Bi,83,105,188,붕괴 방식,EC/B+,A 100%,,출처 확인 · 세기 미상(?) — NUBASE는 예상·가능 모드를 '?'로 적음
중간,참조에 없는 붕괴 모드,188Bi,83,105,188,붕괴 방식,EC/B+ SF 0.0014%,A 100%,,출처 확인
중간,참조에 없는 붕괴 모드,189Bi,83,106,189,붕괴 방식,EC/B+,A 100%,,출처 확인 · 세기 미상(?) — NUBASE는 예상·가능 모드를 '?'로 적음
중간,참조에 없는 붕괴 모드,202Bi,83,119,202,붕괴 방식,A <1e-05%,EC+B+ 100%,,출처 확인
중간,참조에 없는 붕괴 모드,212Bi,83,129,212,붕괴 방식,B-A 0.014%,"B- 64.06%, A 35.94%",,출처 확인
중간,참조에 없는 붕괴 모드,219Bi,83,136,219,붕괴 방식,B-N,B- 100%,,출처 확인 · 세기 미상(?) — NUBASE는 예상·가능 모드를 '?'로 적음
중간,참조에 없는 붕괴 모드,220Bi,83,137,220,붕괴 방식,B-N,B-,,출처 확인 · 세기 미상(?) — NUBASE는 예상·가능 모드를 '?'로 적음
중간,참조에 없는 붕괴 모드,186Po,84,102,186,붕괴 방식,P,A 100%,,출처 확인 · 세기 미상(?) — NUBASE는 예상·가능 모드를 '?'로 적음
중간,참조에 없는 붕괴 모드,187Po,84,103,187,붕괴 방식,EC/B+,A 100%,,출처 확인 · 세기 미상(?) — NUBASE는 예상·가능 모드를 '?'로 적음
중간,참조에 없는 붕괴 모드,188Po,84,104,188,붕괴 방식,EC/B+,A 100%,,출처 확인 · 세기 미상(?) — NUBASE는 예상·가능 모드를 '?'로 적음
중간,참조에 없는 붕괴 모드,189Po,84,105,189,붕괴 방식,EC/B+,A 100%,,출처 확인 · 세기 미상(?) — NUBASE는 예상·가능 모드를 '?'로 적음
중간,참조에 없는 붕괴 모드,190Po,84,106,190,붕괴 방식,EC/B+,A 100%,,출처 확인 · 세기 미상(?) — NUBASE는 예상·가능 모드를 '?'로 적음
중간,참조에 없는 붕괴 모드,191Po,84,107,191,붕괴 방식,EC/B+,A 99%,,출처 확인 · 세기 미상(?) — NUBASE는 예상·가능 모드를 '?'로 적음
중간,참조에 없는 붕괴 모드,193Po,84,109,193,붕괴 방식,EC/B+,A 100%,,출처 확인 · 세기 미상(?) — NUBASE는 예상·가능 모드를 '?'로 적음
중간,참조에 없는 붕괴 모드,216Po,84,132,216,붕괴 방식,2B-,A 100%,,출처 확인 · 세기 미상(?) — NUBASE는 예상·가능 모드를 '?'로 적음
중간,참조에 없는 붕괴 모드,191At,85,106,191,붕괴 방식,EC/B+,A 100%,,출처 확인 · 세기 미상(?) — NUBASE는 예상·가능 모드를 '?'로 적음
중간,참조에 없는 붕괴 모드,192At,85,107,192,붕괴 방식,EC/B+,A 100%,,[At-192m와 비교] 출처 확인 · 세기 미상(?) — NUBASE는 예상·가능 모드를 '?'로 적음
중간,참조에 없는 붕괴 모드,192At,85,107,192,붕괴 방식,EC/B+ SF <0.51%,A 100%,,[At-192m와 비교] 출처 확인
중간,참조에 없는 붕괴 모드,195At,85,110,195,붕괴 방식,EC/B+,A 100%,,출처 확인 · 세기 미상(?) — NUBASE는 예상·가능 모드를 '?'로 적음
중간,참조에 없는 붕괴 모드,196At,85,111,196,붕괴 방식,EC/B+ SF 0.009%,"A 95.1%, EC+B+ 4.9%",,출처 확인
중간,참조에 없는 붕괴 모드,212At,85,127,212,붕괴 방식,EC/B+,A 100%,,출처 확인 · 세기 미상(?) — NUBASE는 예상·가능 모드를 '?'로 적음
중간,참조에 없는 붕괴 모드,212At,85,127,212,붕괴 방식,B-,A 100%,,출처 확인 · 세기 미상(?) — NUBASE는 예상·가능 모드를 '?'로 적음
중간,참조에 없는 붕괴 모드,223At,85,138,223,붕괴 방식,A,B- 100%,,출처 확인 · 세기 미상(?) — NUBASE는 예상·가능 모드를 '?'로 적음
중간,참조에 없는 붕괴 모드,225At,85,140,225,붕괴 방식,B-N,B-,,출처 확인 · 세기 미상(?) — NUBASE는 예상·가능 모드를 '?'로 적음
중간,참조에 없는 붕괴 모드,226At,85,141,226,붕괴 방식,B-N,B-,,출처 확인 · 세기 미상(?) — NUBASE는 예상·가능 모드를 '?'로 적음
중간,참조에 없는 붕괴 모드,228At,85,143,228,붕괴 방식,B-N,B-,,출처 확인 · 세기 미상(?) — NUBASE는 예상·가능 모드를 '?'로 적음
중간,참조에 없는 붕괴 모드,194Rn,86,108,194,붕괴 방식,EC/B+,A 100%,,출처 확인 · 세기 미상(?) — NUBASE는 예상·가능 모드를 '?'로 적음
중간,참조에 없는 붕괴 모드,197Rn,86,111,197,붕괴 방식,EC/B+,A 100%,,출처 확인 · 세기 미상(?) — NUBASE는 예상·가능 모드를 '?'로 적음
중간,참조에 없는 붕괴 모드,220Rn,86,134,220,붕괴 방식,2B-,A 100%,,출처 확인 · 세기 미상(?) — NUBASE는 예상·가능 모드를 '?'로 적음
중간,참조에 없는 붕괴 모드,223Rn,86,137,223,붕괴 방식,A,B- 100%,,출처 확인 · 세기 미상(?) — NUBASE는 예상·가능 모드를 '?'로 적음
중간,참조에 없는 붕괴 모드,200Fr,87,113,200,붕괴 방식,EC/B+,A 100%,,출처 확인 · 세기 미상(?) — NUBASE는 예상·가능 모드를 '?'로 적음
중간,참조에 없는 붕괴 모드,200Fr,87,113,200,붕괴 방식,EC/B+ SF,A 100%,,출처 확인 · 세기 미상(?) — NUBASE는 예상·가능 모드를 '?'로 적음
중간,참조에 없는 붕괴 모드,201Fr,87,114,201,붕괴 방식,EC/B+,A 100%,,출처 확인 · 세기 미상(?) — NUBASE는 예상·가능 모드를 '?'로 적음
중간,참조에 없는 붕괴 모드,202Fr,87,115,202,붕괴 방식,EC/B+,A 100%,,출처 확인 · 세기 미상(?) — NUBASE는 예상·가능 모드를 '?'로 적음
중간,참조에 없는 붕괴 모드,203Fr,87,116,203,붕괴 방식,EC/B+,A 100%,,출처 확인 · 세기 미상(?) — NUBASE는 예상·가능 모드를 '?'로 적음
중간,참조에 없는 붕괴 모드,221Fr,87,134,221,붕괴 방식,클러스터 C 8.8e-11%,"A 100%, B- 0.1%",,출처 확인
중간,참조에 없는 붕괴 모드,232Fr,87,145,232,붕괴 방식,B-SF,B- 100%,,출처 확인 · 세기 미상(?) — NUBASE는 예상·가능 모드를 '?'로 적음
중간,참조에 없는 붕괴 모드,203Ra,88,115,203,붕괴 방식,EC/B+,A 100%,,출처 확인 · 세기 미상(?) — NUBASE는 예상·가능 모드를 '?'로 적음
중간,참조에 없는 붕괴 모드,204Ra,88,116,204,붕괴 방식,EC/B+,A 100%,,출처 확인 · 세기 미상(?) — NUBASE는 예상·가능 모드를 '?'로 적음
중간,참조에 없는 붕괴 모드,205Ra,88,117,205,붕괴 방식,EC/B+,A 100%,,출처 확인 · 세기 미상(?) — NUBASE는 예상·가능 모드를 '?'로 적음
중간,참조에 없는 붕괴 모드,206Ra,88,118,206,붕괴 방식,EC/B+,A 100%,,출처 확인 · 세기 미상(?) — NUBASE는 예상·가능 모드를 '?'로 적음
중간,참조에 없는 붕괴 모드,209Ra,88,121,209,붕괴 방식,EC/B+,A 100%,,출처 확인 · 세기 미상(?) — NUBASE는 예상·가능 모드를 '?'로 적음
중간,참조에 없는 붕괴 모드,221Ra,88,133,221,붕괴 방식,클러스터 C 1.2e-10%,A 100%,,출처 확인
중간,참조에 없는 붕괴 모드,226Ra,88,138,226,붕괴 방식,2B-,"A 100%, 14C 3.2e-09%",,출처 확인 · 세기 미상(?) — NUBASE는 예상·가능 모드를 '?'로 적음
중간,참조에 없는 붕괴 모드,234Ra,88,146,234,붕괴 방식,B-SF,B- 100%,,출처 확인 · 세기 미상(?) — NUBASE는 예상·가능 모드를 '?'로 적음
중간,참조에 없는 붕괴 모드,205Ac,89,116,205,붕괴 방식,EC/B+,A 100%,,출처 확인 · 세기 미상(?) — NUBASE는 예상·가능 모드를 '?'로 적음
중간,참조에 없는 붕괴 모드,206Ac,89,117,206,붕괴 방식,EC/B+,A 100%,,출처 확인 · 세기 미상(?) — NUBASE는 예상·가능 모드를 '?'로 적음
중간,참조에 없는 붕괴 모드,209Ac,89,120,209,붕괴 방식,EC/B+,A 100%,,출처 확인 · 세기 미상(?) — NUBASE는 예상·가능 모드를 '?'로 적음
중간,참조에 없는 붕괴 모드,213Ac,89,124,213,붕괴 방식,EC/B+,A 100%,,출처 확인 · 세기 미상(?) — NUBASE는 예상·가능 모드를 '?'로 적음
중간,참조에 없는 붕괴 모드,216Ac,89,127,216,붕괴 방식,EC/B+,A 100%,,출처 확인 · 세기 미상(?) — NUBASE는 예상·가능 모드를 '?'로 적음
중간,참조에 없는 붕괴 모드,219Ac,89,130,219,붕괴 방식,EC/B+,A 100%,,출처 확인 · 세기 미상(?) — NUBASE는 예상·가능 모드를 '?'로 적음
중간,참조에 없는 붕괴 모드,224Ac,89,135,224,붕괴 방식,B-,"EC 90.9%, A 9.1%",,출처 확인 · 세기 미상(?) — NUBASE는 예상·가능 모드를 '?'로 적음
중간,참조에 없는 붕괴 모드,209Th,90,119,209,붕괴 방식,EC/B+,A 100%,,[Th-209m와 비교] 출처 확인 · 세기 미상(?) — NUBASE는 예상·가능 모드를 '?'로 적음
중간,참조에 없는 붕괴 모드,212Th,90,122,212,붕괴 방식,EC/B+,A 100%,,출처 확인 · 세기 미상(?) — NUBASE는 예상·가능 모드를 '?'로 적음
중간,참조에 없는 붕괴 모드,213Th,90,123,213,붕괴 방식,EC/B+,A 100%,,출처 확인 · 세기 미상(?) — NUBASE는 예상·가능 모드를 '?'로 적음
중간,참조에 없는 붕괴 모드,214Th,90,124,214,붕괴 방식,EC/B+,A 100%,,출처 확인 · 세기 미상(?) — NUBASE는 예상·가능 모드를 '?'로 적음
중간,참조에 없는 붕괴 모드,219Th,90,129,219,붕괴 방식,EC/B+,A 100%,,출처 확인 · 세기 미상(?) — NUBASE는 예상·가능 모드를 '?'로 적음
중간,참조에 없는 붕괴 모드,222Th,90,132,222,붕괴 방식,EC/B+,A 100%,,출처 확인 · 세기 미상(?) — NUBASE는 예상·가능 모드를 '?'로 적음
중간,참조에 없는 붕괴 모드,224Th,90,134,224,붕괴 방식,2EC/2B+,A 100%,,출처 확인 · 세기 미상(?) — NUBASE는 예상·가능 모드를 '?'로 적음
중간,참조에 없는 붕괴 모드,226Th,90,136,226,붕괴 방식,클러스터 O <3.2e-12%,A 100%,,출처 확인
중간,참조에 없는 붕괴 모드,228Th,90,138,228,붕괴 방식,클러스터 O 1.13e-11%,A 100%,,출처 확인
중간,참조에 없는 붕괴 모드,232Th,90,142,232,붕괴 방식,클러스터 Ne <2.78e-10%,"A 100%, SF 1.1e-09%",,출처 확인
중간,참조에 없는 붕괴 모드,232Th,90,142,232,붕괴 방식,2B-,"A 100%, SF 1.1e-09%",,출처 확인 · 세기 미상(?) — NUBASE는 예상·가능 모드를 '?'로 적음
중간,참조에 없는 붕괴 모드,234Th,90,144,234,붕괴 방식,A,B- 100%,,출처 확인 · 세기 미상(?) — NUBASE는 예상·가능 모드를 '?'로 적음
중간,참조에 없는 붕괴 모드,217Pa,91,126,217,붕괴 방식,B-,A 100%,,출처 확인 · 세기 미상(?) — NUBASE는 예상·가능 모드를 '?'로 적음
중간,참조에 없는 붕괴 모드,219Pa,91,128,219,붕괴 방식,EC/B+,A 100%,,출처 확인 · 세기 미상(?) — NUBASE는 예상·가능 모드를 '?'로 적음
중간,참조에 없는 붕괴 모드,223Pa,91,132,223,붕괴 방식,EC/B+,A 100%,,출처 확인 · 세기 미상(?) — NUBASE는 예상·가능 모드를 '?'로 적음
중간,참조에 없는 붕괴 모드,224Pa,91,133,224,붕괴 방식,EC/B+,A 100%,,출처 확인 · 세기 미상(?) — NUBASE는 예상·가능 모드를 '?'로 적음
중간,참조에 없는 붕괴 모드,231Pa,91,140,231,붕괴 방식,클러스터 Ne 1.34e-09%,"A 100%, SF 3e-10%",,출처 확인
중간,참조에 없는 붕괴 모드,231Pa,91,140,231,붕괴 방식,클러스터 F 9.9e-13%,"A 100%, SF 3e-10%",,출처 확인
중간,참조에 없는 붕괴 모드,236Pa,91,145,236,붕괴 방식,B-SF 6e-08%,B- 100%,,출처 확인
중간,참조에 없는 붕괴 모드,238Pa,91,147,238,붕괴 방식,B-SF <2.6e-06%,B- 100%,,출처 확인
중간,참조에 없는 붕괴 모드,217U,92,125,217,붕괴 방식,B-,"A 100%, EC+B+",,출처 확인 · 세기 미상(?) — NUBASE는 예상·가능 모드를 '?'로 적음
중간,참조에 없는 붕괴 모드,219U,92,127,219,붕괴 방식,EC/B+,A 100%,,출처 확인 · 세기 미상(?) — NUBASE는 예상·가능 모드를 '?'로 적음
중간,참조에 없는 붕괴 모드,221U,92,129,221,붕괴 방식,EC/B+,A 100%,,출처 확인 · 세기 미상(?) — NUBASE는 예상·가능 모드를 '?'로 적음
중간,참조에 없는 붕괴 모드,222U,92,130,222,붕괴 방식,EC/B+,A 100%,,출처 확인 · 세기 미상(?) — NUBASE는 예상·가능 모드를 '?'로 적음
중간,참조에 없는 붕괴 모드,224U,92,132,224,붕괴 방식,EC/B+,A 100%,,출처 확인 · 세기 미상(?) — NUBASE는 예상·가능 모드를 '?'로 적음
중간,참조에 없는 붕괴 모드,227U,92,135,227,붕괴 방식,EC/B+,A 100%,,출처 확인 · 세기 미상(?) — NUBASE는 예상·가능 모드를 '?'로 적음
중간,참조에 없는 붕괴 모드,230U,92,138,230,붕괴 방식,SF,"A 100%, 22NE 4.8e-12%",,출처 확인 · 세기 미상(?) — NUBASE는 예상·가능 모드를 '?'로 적음
중간,참조에 없는 붕괴 모드,238U,92,146,238,붕괴 방식,2B- 2.2e-10%,"A 100%, SF 5.45e-05%",,출처 확인
중간,참조에 없는 붕괴 모드,240U,92,148,240,붕괴 방식,A,B- 100%,,출처 확인 · 세기 미상(?) — NUBASE는 예상·가능 모드를 '?'로 적음
중간,참조에 없는 붕괴 모드,226Np,93,133,226,붕괴 방식,EC/B+,A 100%,,출처 확인 · 세기 미상(?) — NUBASE는 예상·가능 모드를 '?'로 적음
중간,참조에 없는 붕괴 모드,227Np,93,134,227,붕괴 방식,EC/B+,A 100%,,출처 확인 · 세기 미상(?) — NUBASE는 예상·가능 모드를 '?'로 적음
중간,참조에 없는 붕괴 모드,228Np,93,135,228,붕괴 방식,EC/B+ SF 0.012%,"EC 60%, A 40%",,출처 확인
중간,참조에 없는 붕괴 모드,237Np,93,144,237,붕괴 방식,클러스터 Mg <4e-12%,"A 100%, SF 2e-10%",,출처 확인
중간,참조에 없는 붕괴 모드,239Np,93,146,239,붕괴 방식,A,B- 100%,,출처 확인 · 세기 미상(?) — NUBASE는 예상·가능 모드를 '?'로 적음
중간,참조에 없는 붕괴 모드,241Np,93,148,241,붕괴 방식,A,B- 100%,,출처 확인 · 세기 미상(?) — NUBASE는 예상·가능 모드를 '?'로 적음
중간,참조에 없는 붕괴 모드,228Pu,94,134,228,붕괴 방식,EC/B+,A 100%,,출처 확인 · 세기 미상(?) — NUBASE는 예상·가능 모드를 '?'로 적음
중간,참조에 없는 붕괴 모드,229Pu,94,135,229,붕괴 방식,EC/B+ 50%,A 100%,,출처 확인
중간,참조에 없는 붕괴 모드,229Pu,94,135,229,붕괴 방식,SF <7%,A 100%,,출처 확인
중간,참조에 없는 붕괴 모드,230Pu,94,136,230,붕괴 방식,EC/B+,A 100%,,출처 확인 · 세기 미상(?) — NUBASE는 예상·가능 모드를 '?'로 적음
중간,참조에 없는 붕괴 모드,236Pu,94,142,236,붕괴 방식,클러스터 Mg 2e-12%,"A 100%, SF 1.9e-07%",,출처 확인
중간,참조에 없는 붕괴 모드,236Pu,94,142,236,붕괴 방식,2EC/2B+,"A 100%, SF 1.9e-07%",,출처 확인 · 세기 미상(?) — NUBASE는 예상·가능 모드를 '?'로 적음
중간,참조에 없는 붕괴 모드,238Pu,94,144,238,붕괴 방식,클러스터 Si 1.4e-14%,"A 100%, SF 1.9e-07%",,출처 확인
중간,참조에 없는 붕괴 모드,238Pu,94,144,238,붕괴 방식,클러스터 Mg 6e-15%,"A 100%, SF 1.9e-07%",,출처 확인
중간,참조에 없는 붕괴 모드,244Pu,94,150,244,붕괴 방식,2B- <7.3e-09%,"A 99.88%, SF 0.123%",,출처 확인
중간,참조에 없는 붕괴 모드,223Am,95,128,223,붕괴 방식,EC/B+,A 100%,,출처 확인 · 세기 미상(?) — NUBASE는 예상·가능 모드를 '?'로 적음
중간,참조에 없는 붕괴 모드,234Am,95,139,234,붕괴 방식,EC/B+ SF 0.0066%,"EC 100%, A",,출처 확인
중간,참조에 없는 붕괴 모드,236Cm,96,140,236,붕괴 방식,SF,"EC 82%, A 18%",,출처 확인 · 세기 미상(?) — NUBASE는 예상·가능 모드를 '?'로 적음
중간,참조에 없는 붕괴 모드,237Cm,96,141,237,붕괴 방식,EC/B+,A 1%,,출처 확인 · 세기 미상(?) — NUBASE는 예상·가능 모드를 '?'로 적음
중간,참조에 없는 붕괴 모드,248Cm,96,152,248,붕괴 방식,2B-,"A 91.61%, SF 8.39%",,출처 확인 · 세기 미상(?) — NUBASE는 예상·가능 모드를 '?'로 적음
중간,참조에 없는 붕괴 모드,238Bk,97,141,238,붕괴 방식,A,"EC+B+ 100%, ECSF 0.048%",,출처 확인 · 세기 미상(?) — NUBASE는 예상·가능 모드를 '?'로 적음
중간,참조에 없는 붕괴 모드,240Bk,97,143,240,붕괴 방식,A,"ECSF 0.002%, EC+B+",,출처 확인 · 세기 미상(?) — NUBASE는 예상·가능 모드를 '?'로 적음
중간,참조에 없는 붕괴 모드,242Bk,97,145,242,붕괴 방식,EC/B+ SF <3e-05%,"EC+B+ 99.5%, A 0.5%",,출처 확인
중간,참조에 없는 붕괴 모드,246Bk,97,149,246,붕괴 방식,A,EC+B+ 100%,,출처 확인 · 세기 미상(?) — NUBASE는 예상·가능 모드를 '?'로 적음
중간,참조에 없는 붕괴 모드,247Bk,97,150,247,붕괴 방식,SF,A 100%,,출처 확인 · 세기 미상(?) — NUBASE는 예상·가능 모드를 '?'로 적음
중간,참조에 없는 붕괴 모드,237Cf,98,139,237,붕괴 방식,A 70%,SF 10%,,[참조: 단건 API 최신값] 출처 확인
중간,참조에 없는 붕괴 모드,237Cf,98,139,237,붕괴 방식,EC/B+,SF 10%,,[참조: 단건 API 최신값] 출처 확인 · 세기 미상(?) — NUBASE는 예상·가능 모드를 '?'로 적음
중간,참조에 없는 붕괴 모드,244Cf,98,146,244,붕괴 방식,EC/B+ 25%,A 100%,,출처 확인
중간,참조에 없는 붕괴 모드,254Cf,98,156,254,붕괴 방식,2B-,"SF 99.69%, A 0.31%",,출처 확인 · 세기 미상(?) — NUBASE는 예상·가능 모드를 '?'로 적음
중간,참조에 없는 붕괴 모드,255Cf,98,157,255,붕괴 방식,SF,B- 100%,,출처 확인 · 세기 미상(?) — NUBASE는 예상·가능 모드를 '?'로 적음
중간,참조에 없는 붕괴 모드,255Cf,98,157,255,붕괴 방식,A,B- 100%,,출처 확인 · 세기 미상(?) — NUBASE는 예상·가능 모드를 '?'로 적음
중간,참조에 없는 붕괴 모드,256Cf,98,158,256,붕괴 방식,2B-,"SF 100%, A 1e-06%",,출처 확인 · 세기 미상(?) — NUBASE는 예상·가능 모드를 '?'로 적음
중간,참조에 없는 붕괴 모드,242Es,99,143,242,붕괴 방식,EC/B+ SF 0.6%,"A 57%, EC+B+ 43%",,출처 확인
중간,참조에 없는 붕괴 모드,244Es,99,145,244,붕괴 방식,EC/B+ SF 0.011%,"EC 96%, A 4%",,출처 확인
중간,참조에 없는 붕괴 모드,246Es,99,147,246,붕괴 방식,EC/B+ SF 0.003%,"EC+B+ 90.1%, A 9.9%",,출처 확인
중간,참조에 없는 붕괴 모드,248Es,99,149,248,붕괴 방식,EC/B+ SF 0.00035%,"EC 99.7%, A 0.25%",,출처 확인
중간,참조에 없는 붕괴 모드,257Es,99,158,257,붕괴 방식,A,"SF, B-",,[참조: 단건 API 최신값] 출처 확인 · 세기 미상(?) — NUBASE는 예상·가능 모드를 '?'로 적음
중간,참조에 없는 붕괴 모드,242Fm,100,142,242,붕괴 방식,A,SF 100%,,출처 확인 · 세기 미상(?) — NUBASE는 예상·가능 모드를 '?'로 적음
중간,참조에 없는 붕괴 모드,245Fm,100,145,245,붕괴 방식,EC/B+ <7%,A 100%,,출처 확인
중간,참조에 없는 붕괴 모드,245Fm,100,145,245,붕괴 방식,SF <0.3%,A 100%,,출처 확인
중간,참조에 없는 붕괴 모드,252Fm,100,152,252,붕괴 방식,2EC/2B+,"A 100%, SF 0.0023%",,출처 확인 · 세기 미상(?) — NUBASE는 예상·가능 모드를 '?'로 적음
중간,참조에 없는 붕괴 모드,258Fm,100,158,258,붕괴 방식,A,SF 100%,,출처 확인 · 세기 미상(?) — NUBASE는 예상·가능 모드를 '?'로 적음
중간,참조에 없는 붕괴 모드,244Md,101,143,244,붕괴 방식,EC/B+ SF <14%,"A 100%, EC+B+ 14%",,출처 확인
중간,참조에 없는 붕괴 모드,248Md,101,147,248,붕괴 방식,EC/B+ SF <0.05%,"EC 80%, A 20%",,출처 확인
중간,참조에 없는 붕괴 모드,250Md,101,149,250,붕괴 방식,EC/B+ SF 0.026%,"EC 93%, A 7%",,출처 확인
중간,참조에 없는 붕괴 모드,252Md,101,151,252,붕괴 방식,A,EC 100%,,출처 확인 · 세기 미상(?) — NUBASE는 예상·가능 모드를 '?'로 적음
중간,참조에 없는 붕괴 모드,254Md,101,153,254,붕괴 방식,A,EC+B+ 100%,,출처 확인 · 세기 미상(?) — NUBASE는 예상·가능 모드를 '?'로 적음
중간,참조에 없는 붕괴 모드,255Md,101,154,255,붕괴 방식,SF,"EC 93%, A 7%",,출처 확인 · 세기 미상(?) — NUBASE는 예상·가능 모드를 '?'로 적음
중간,참조에 없는 붕괴 모드,258Md,101,157,258,붕괴 방식,EC/B+ <0.0015%,A 100%,,출처 확인
중간,참조에 없는 붕괴 모드,258Md,101,157,258,붕괴 방식,B- <0.0015%,A 100%,,출처 확인
중간,참조에 없는 붕괴 모드,250No,102,148,250,붕괴 방식,EC/B+,"SF 100%, A 2%",,출처 확인 · 세기 미상(?) — NUBASE는 예상·가능 모드를 '?'로 적음
중간,참조에 없는 붕괴 모드,253No,102,151,253,붕괴 방식,SF,"A 55%, EC+B+ 45%",,출처 확인 · 세기 미상(?) — NUBASE는 예상·가능 모드를 '?'로 적음
중간,참조에 없는 붕괴 모드,256No,102,154,256,붕괴 방식,EC/B+,"A 99.47%, SF 0.53%",,출처 확인 · 세기 미상(?) — NUBASE는 예상·가능 모드를 '?'로 적음
중간,참조에 없는 붕괴 모드,258No,102,156,258,붕괴 방식,A,SF 100%,,출처 확인 · 세기 미상(?) — NUBASE는 예상·가능 모드를 '?'로 적음
중간,참조에 없는 붕괴 모드,262No,102,160,262,붕괴 방식,A,SF 100%,,출처 확인 · 세기 미상(?) — NUBASE는 예상·가능 모드를 '?'로 적음
중간,참조에 없는 붕괴 모드,253Lr,103,150,253,붕괴 방식,EC/B+,"A 98.7%, SF 1.3%",,출처 확인 · 세기 미상(?) — NUBASE는 예상·가능 모드를 '?'로 적음
중간,참조에 없는 붕괴 모드,259Lr,103,156,259,붕괴 방식,EC/B+,"A 78%, SF 22%",,출처 확인 · 세기 미상(?) — NUBASE는 예상·가능 모드를 '?'로 적음
중간,참조에 없는 붕괴 모드,261Lr,103,158,261,붕괴 방식,A,SF,,출처 확인 · 세기 미상(?) — NUBASE는 예상·가능 모드를 '?'로 적음
중간,참조에 없는 붕괴 모드,264Lr,103,161,264,붕괴 방식,A,SF 100%,,출처 확인 · 세기 미상(?) — NUBASE는 예상·가능 모드를 '?'로 적음
중간,참조에 없는 붕괴 모드,259Rf,104,155,259,붕괴 방식,EC/B+ 15%,"A 92%, SF 8%",,[참조: 단건 API 최신값] 출처 확인
중간,참조에 없는 붕괴 모드,260Rf,104,156,260,붕괴 방식,A,SF 100%,,출처 확인 · 세기 미상(?) — NUBASE는 예상·가능 모드를 '?'로 적음
중간,참조에 없는 붕괴 모드,260Rf,104,156,260,붕괴 방식,EC/B+,SF 100%,,출처 확인 · 세기 미상(?) — NUBASE는 예상·가능 모드를 '?'로 적음
중간,참조에 없는 붕괴 모드,261Rf,104,157,261,붕괴 방식,EC/B+,A 100%,,[Rf-261m와 비교] 출처 확인 · 세기 미상(?) — NUBASE는 예상·가능 모드를 '?'로 적음
중간,참조에 없는 붕괴 모드,261Rf,104,157,261,붕괴 방식,SF,A 100%,,[Rf-261m와 비교] 출처 확인 · 세기 미상(?) — NUBASE는 예상·가능 모드를 '?'로 적음
중간,참조에 없는 붕괴 모드,265Rf,104,161,265,붕괴 방식,A,SF 100%,,출처 확인 · 세기 미상(?) — NUBASE는 예상·가능 모드를 '?'로 적음
중간,참조에 없는 붕괴 모드,257Db,105,152,257,붕괴 방식,EC/B+,"A 94%, SF 6%",,출처 확인 · 세기 미상(?) — NUBASE는 예상·가능 모드를 '?'로 적음
중간,참조에 없는 붕괴 모드,258Db,105,153,258,붕괴 방식,SF,"A 77%, EC+B+ 23%",,[Db-258m와 비교] 출처 확인 · 세기 미상(?) — NUBASE는 예상·가능 모드를 '?'로 적음
중간,참조에 없는 붕괴 모드,262Db,105,157,262,붕괴 방식,SF 52%,A 67%,,출처 확인
중간,참조에 없는 붕괴 모드,262Db,105,157,262,붕괴 방식,EC/B+,A 67%,,출처 확인 · 세기 미상(?) — NUBASE는 예상·가능 모드를 '?'로 적음
중간,참조에 없는 붕괴 모드,263Db,105,158,263,붕괴 방식,EC/B+ 6.9%,"SF 57%, A 43%",,출처 확인
중간,참조에 없는 붕괴 모드,261Sg,106,155,261,붕괴 방식,EC/B+ 1.3%,"A 100%, SF 1%",,출처 확인
중간,참조에 없는 붕괴 모드,262Bh,107,155,262,붕괴 방식,SF <20%,A 100%,,출처 확인
중간,참조에 없는 붕괴 모드,264Bh,107,157,264,붕괴 방식,SF 14%,A 100%,,출처 확인
중간,참조에 없는 붕괴 모드,264Bh,107,157,264,붕괴 방식,EC/B+,A 100%,,출처 확인 · 세기 미상(?) — NUBASE는 예상·가능 모드를 '?'로 적음
중간,참조에 없는 붕괴 모드,266Bh,107,159,266,붕괴 방식,EC/B+,"A 100%, SF",,출처 확인 · 세기 미상(?) — NUBASE는 예상·가능 모드를 '?'로 적음
중간,참조에 없는 붕괴 모드,263Hs,108,155,263,붕괴 방식,SF,A 100%,,출처 확인 · 세기 미상(?) — NUBASE는 예상·가능 모드를 '?'로 적음
중간,참조에 없는 붕괴 모드,267Hs,108,159,267,붕괴 방식,SF,A 100%,,출처 확인 · 세기 미상(?) — NUBASE는 예상·가능 모드를 '?'로 적음
중간,측정값을 한계값으로 표시,170Re,75,95,170,반감기,> 1# s,9.2 s ±0.2,-89.1%,참조는 측정값 — 최신 평가값으로 갱신 필요
중간,한계값을 확정값처럼 표시,12O,8,4,12,반감기,8.9 ± 3.3 zs,<72 keV (폭 → >6.3366 zs),+40.5%,참조는 한계값 — 화면에 부등호 표시 필요
중간,한계값을 확정값처럼 표시,29Cl,17,12,29,반감기,5.4 ± 1.9 zs,<20 ns,-100%,참조는 한계값 — 화면에 부등호 표시 필요
중간,한계값을 확정값처럼 표시,72Fe,26,46,72,반감기,17.0 ± 1.0 ms,≥150 ns,×1.133e+05,참조는 한계값 — 화면에 부등호 표시 필요
중간,한계값을 확정값처럼 표시,87Ga,31,56,87,반감기,29 ± 4 ms,>634 ns,×4.574e+04,참조는 한계값 — 화면에 부등호 표시 필요
중간,한계값을 확정값처럼 표시,60Ge,32,28,60,반감기,21 ± 6 ms,>110 ns,×1.909e+05,참조는 한계값 — 화면에 부등호 표시 필요
중간,한계값을 확정값처럼 표시,88Ge,32,56,88,반감기,61 ± 6 ms,>300 ns,×2.033e+05,참조는 한계값 — 화면에 부등호 표시 필요
중간,한계값을 확정값처럼 표시,76Y,39,37,76,반감기,28 ± 9 ms,>200 ns,×1.4e+05,참조는 한계값 — 화면에 부등호 표시 필요
중간,한계값을 확정값처럼 표시,122Rh,45,77,122,반감기,51 ± 6 ms,>300 ns,×1.7e+05,참조는 한계값 — 화면에 부등호 표시 필요
중간,한계값을 확정값처럼 표시,99Sn,50,49,99,반감기,24 ± 4 ms,>760 ns,×3.158e+04,참조는 한계값 — 화면에 부등호 표시 필요
중간,한계값을 확정값처럼 표시,130Te,52,78,130,반감기,791 ± 21 Ey (≈7.91e+20 y),>0.79E+21 Y,+0.127%,참조는 한계값 — 화면에 부등호 표시 필요
중간,한계값을 확정값처럼 표시,143Te,52,91,143,반감기,120 ± 8 ms,>408 ns,×2.941e+05,참조는 한계값 — 화면에 부등호 표시 필요
중간,한계값을 확정값처럼 표시,144I,53,91,144,반감기,94 ± 8 ms,≥300 ns,×3.133e+05,참조는 한계값 — 화면에 부등호 표시 필요
중간,한계값을 확정값처럼 표시,145I,53,92,145,반감기,89.7 ± 9.3 ms,>407 ns,×2.204e+05,참조는 한계값 — 화면에 부등호 표시 필요
중간,한계값을 확정값처럼 표시,148Xe,54,94,148,반감기,85 ± 15 ms,>0.4 us,×2.125e+05,참조는 한계값 — 화면에 부등호 표시 필요
중간,한계값을 확정값처럼 표시,151Eu,63,88,151,반감기,4.6 ± 1.2 Ey (≈4.6e+18 y),≥1.7E+18 Y,+171%,참조는 한계값 — 화면에 부등호 표시 필요
중간,한계값을 확정값처럼 표시,172Dy,66,106,172,반감기,3.4 ± 0.2 s,>160 ns,×2.125e+07,참조는 한계값 — 화면에 부등호 표시 필요
중간,한계값을 확정값처럼 표시,165Ir,77,88,165,반감기,50# ns,<1 us,-95%,참조는 한계값 — 화면에 부등호 표시 필요 · 내 값은 추정(#)
중간,한계값을 확정값처럼 표시,200Ir,77,123,200,반감기,43 ± 6 s,>300 ns,×1.433e+08,참조는 한계값 — 화면에 부등호 표시 필요
중간,한계값을 확정값처럼 표시,211Hg,80,131,211,반감기,26.4 ± 8.1 s,>300 ns,×8.8e+07,참조는 한계값 — 화면에 부등호 표시 필요
중간,한계값을 확정값처럼 표시,216Tl,81,135,216,반감기,5.9 ± 3.3 s,>300 ns,×1.967e+07,참조는 한계값 — 화면에 부등호 표시 필요
중간,한계값을 확정값처럼 표시,216Pb,82,134,216,반감기,1.66 ± 0.20 min,>300 ns,×3.32e+08,참조는 한계값 — 화면에 부등호 표시 필요
중간,한계값을 확정값처럼 표시,220Bi,83,137,220,반감기,9.5 ± 5.7 s,>300 ns,×3.167e+07,참조는 한계값 — 화면에 부등호 표시 필요
중간,한계값을 확정값처럼 표시,211Pa,91,120,211,반감기,6 ± 3 ms,>300 ns,×2e+04,참조는 한계값 — 화면에 부등호 표시 필요
중간,한계값을 확정값처럼 표시,253Bk,97,156,253,반감기,60# min (≈1 h),>10 m,+500%,참조는 한계값 — 화면에 부등호 표시 필요 · 내 값은 추정(#)
낮음,EC/β⁺ 표기 차이,20Na,11,9,20,붕괴 방식,EC+B+,EC,,합산해서 비교함. EC·β⁺ 기호 정의를 화면에 명시했는지 확인 (NUBASE의 β⁺ = EC+양전자)
낮음,EC/β⁺ 표기 차이,20Mg,12,8,20,붕괴 방식,EC+B+,B+,,합산해서 비교함. EC·β⁺ 기호 정의를 화면에 명시했는지 확인 (NUBASE의 β⁺ = EC+양전자)
낮음,EC/β⁺ 표기 차이,45Cr,24,21,45,붕괴 방식,EC+B+,B+,,합산해서 비교함. EC·β⁺ 기호 정의를 화면에 명시했는지 확인 (NUBASE의 β⁺ = EC+양전자)
낮음,EC/β⁺ 표기 차이,54Mn,25,29,54,붕괴 방식,"B+, EC",EC+B+,,합산해서 비교함. EC·β⁺ 기호 정의를 화면에 명시했는지 확인 (NUBASE의 β⁺ = EC+양전자)
낮음,EC/β⁺ 표기 차이,66Se,34,32,66,붕괴 방식,EC+B+,EC,,합산해서 비교함. EC·β⁺ 기호 정의를 화면에 명시했는지 확인 (NUBASE의 β⁺ = EC+양전자)
낮음,EC/β⁺ 표기 차이,91Nb,41,50,91,붕괴 방식,"B+, EC",EC+B+,,합산해서 비교함. EC·β⁺ 기호 정의를 화면에 명시했는지 확인 (NUBASE의 β⁺ = EC+양전자)
낮음,EC/β⁺ 표기 차이,90Tc,43,47,90,붕괴 방식,EC+B+,EC,,합산해서 비교함. EC·β⁺ 기호 정의를 화면에 명시했는지 확인 (NUBASE의 β⁺ = EC+양전자)
낮음,EC/β⁺ 표기 차이,97Ag,47,50,97,붕괴 방식,EC+B+,EC,,합산해서 비교함. EC·β⁺ 기호 정의를 화면에 명시했는지 확인 (NUBASE의 β⁺ = EC+양전자)
낮음,EC/β⁺ 표기 차이,95Cd,48,47,95,붕괴 방식,EC+B+,B+,,합산해서 비교함. EC·β⁺ 기호 정의를 화면에 명시했는지 확인 (NUBASE의 β⁺ = EC+양전자)
낮음,EC/β⁺ 표기 차이,97Cd,48,49,97,붕괴 방식,EC+B+,EC,,합산해서 비교함. EC·β⁺ 기호 정의를 화면에 명시했는지 확인 (NUBASE의 β⁺ = EC+양전자)
낮음,EC/β⁺ 표기 차이,97In,49,48,97,붕괴 방식,EC+B+,B+,,합산해서 비교함. EC·β⁺ 기호 정의를 화면에 명시했는지 확인 (NUBASE의 β⁺ = EC+양전자)
낮음,EC/β⁺ 표기 차이,128La,57,71,128,붕괴 방식,EC+B+,EC,,합산해서 비교함. EC·β⁺ 기호 정의를 화면에 명시했는지 확인 (NUBASE의 β⁺ = EC+양전자)
낮음,EC/β⁺ 표기 차이,128Pm,61,67,128,붕괴 방식,EC+B+,EC,,[참조: 단건 API 최신값] 합산해서 비교함. EC·β⁺ 기호 정의를 화면에 명시했는지 확인 (NUBASE의 β⁺ = EC+양전자)
낮음,EC/β⁺ 표기 차이,143Pm,61,82,143,붕괴 방식,"B+, EC","B+, EC+B+",,합산해서 비교함. EC·β⁺ 기호 정의를 화면에 명시했는지 확인 (NUBASE의 β⁺ = EC+양전자)
낮음,EC/β⁺ 표기 차이,144Pm,61,83,144,붕괴 방식,"B+, EC",EC+B+,,합산해서 비교함. EC·β⁺ 기호 정의를 화면에 명시했는지 확인 (NUBASE의 β⁺ = EC+양전자)
낮음,EC/β⁺ 표기 차이,147Eu,63,84,147,붕괴 방식,EC+B+,EC,,합산해서 비교함. EC·β⁺ 기호 정의를 화면에 명시했는지 확인 (NUBASE의 β⁺ = EC+양전자)
낮음,EC/β⁺ 표기 차이,154Eu,63,91,154,붕괴 방식,EC,EC+B+,,합산해서 비교함. EC·β⁺ 기호 정의를 화면에 명시했는지 확인 (NUBASE의 β⁺ = EC+양전자)
낮음,EC/β⁺ 표기 차이,146Gd,64,82,146,붕괴 방식,EC,EC+B+,,합산해서 비교함. EC·β⁺ 기호 정의를 화면에 명시했는지 확인 (NUBASE의 β⁺ = EC+양전자)
낮음,EC/β⁺ 표기 차이,152Dy,66,86,152,붕괴 방식,EC,EC+B+,,합산해서 비교함. EC·β⁺ 기호 정의를 화면에 명시했는지 확인 (NUBASE의 β⁺ = EC+양전자)
낮음,EC/β⁺ 표기 차이,157W,74,83,157,붕괴 방식,EC+B+,EC,,합산해서 비교함. EC·β⁺ 기호 정의를 화면에 명시했는지 확인 (NUBASE의 β⁺ = EC+양전자)
낮음,EC/β⁺ 표기 차이,174Os,76,98,174,붕괴 방식,EC+B+,EC,,합산해서 비교함. EC·β⁺ 기호 정의를 화면에 명시했는지 확인 (NUBASE의 β⁺ = EC+양전자)
낮음,EC/β⁺ 표기 차이,174Ir,77,97,174,붕괴 방식,EC+B+,EC,,합산해서 비교함. EC·β⁺ 기호 정의를 화면에 명시했는지 확인 (NUBASE의 β⁺ = EC+양전자)
낮음,EC/β⁺ 표기 차이,188Pt,78,110,188,붕괴 방식,EC,EC+B+,,합산해서 비교함. EC·β⁺ 기호 정의를 화면에 명시했는지 확인 (NUBASE의 β⁺ = EC+양전자)
낮음,EC/β⁺ 표기 차이,202Tl,81,121,202,붕괴 방식,EC,EC+B+,,합산해서 비교함. EC·β⁺ 기호 정의를 화면에 명시했는지 확인 (NUBASE의 β⁺ = EC+양전자)
낮음,EC/β⁺ 표기 차이,211Rn,86,125,211,붕괴 방식,EC+B+,EC,,합산해서 비교함. EC·β⁺ 기호 정의를 화면에 명시했는지 확인 (NUBASE의 β⁺ = EC+양전자)
낮음,EC/β⁺ 표기 차이,206Fr,87,119,206,붕괴 방식,EC+B+,EC,,합산해서 비교함. EC·β⁺ 기호 정의를 화면에 명시했는지 확인 (NUBASE의 β⁺ = EC+양전자)
낮음,EC/β⁺ 표기 차이,211Fr,87,124,211,붕괴 방식,EC+B+,EC,,합산해서 비교함. EC·β⁺ 기호 정의를 화면에 명시했는지 확인 (NUBASE의 β⁺ = EC+양전자)
낮음,EC/β⁺ 표기 차이,216Fr,87,129,216,붕괴 방식,EC+B+,EC,,합산해서 비교함. EC·β⁺ 기호 정의를 화면에 명시했는지 확인 (NUBASE의 β⁺ = EC+양전자)
낮음,EC/β⁺ 표기 차이,214Ra,88,126,214,붕괴 방식,EC+B+,EC,,합산해서 비교함. EC·β⁺ 기호 정의를 화면에 명시했는지 확인 (NUBASE의 β⁺ = EC+양전자)
낮음,EC/β⁺ 표기 차이,208Ac,89,119,208,붕괴 방식,EC+B+,EC,,합산해서 비교함. EC·β⁺ 기호 정의를 화면에 명시했는지 확인 (NUBASE의 β⁺ = EC+양전자)
낮음,EC/β⁺ 표기 차이,214Ac,89,125,214,붕괴 방식,EC+B+,EC,,합산해서 비교함. EC·β⁺ 기호 정의를 화면에 명시했는지 확인 (NUBASE의 β⁺ = EC+양전자)
낮음,EC/β⁺ 표기 차이,220Ac,89,131,220,붕괴 방식,EC+B+,EC,,합산해서 비교함. EC·β⁺ 기호 정의를 화면에 명시했는지 확인 (NUBASE의 β⁺ = EC+양전자)
낮음,EC/β⁺ 표기 차이,224Ac,89,135,224,붕괴 방식,EC+B+,EC,,합산해서 비교함. EC·β⁺ 기호 정의를 화면에 명시했는지 확인 (NUBASE의 β⁺ = EC+양전자)
낮음,EC/β⁺ 표기 차이,216Pa,91,125,216,붕괴 방식,EC+B+,EC,,합산해서 비교함. EC·β⁺ 기호 정의를 화면에 명시했는지 확인 (NUBASE의 β⁺ = EC+양전자)
낮음,EC/β⁺ 표기 차이,229U,92,137,229,붕괴 방식,EC+B+,EC,,합산해서 비교함. EC·β⁺ 기호 정의를 화면에 명시했는지 확인 (NUBASE의 β⁺ = EC+양전자)
낮음,EC/β⁺ 표기 차이,229Np,93,136,229,붕괴 방식,EC+B+,EC,,합산해서 비교함. EC·β⁺ 기호 정의를 화면에 명시했는지 확인 (NUBASE의 β⁺ = EC+양전자)
낮음,EC/β⁺ 표기 차이,233Np,93,140,233,붕괴 방식,EC+B+,EC,,합산해서 비교함. EC·β⁺ 기호 정의를 화면에 명시했는지 확인 (NUBASE의 β⁺ = EC+양전자)
낮음,EC/β⁺ 표기 차이,232Am,95,137,232,붕괴 방식,EC+B+,EC,,합산해서 비교함. EC·β⁺ 기호 정의를 화면에 명시했는지 확인 (NUBASE의 β⁺ = EC+양전자)
낮음,EC/β⁺ 표기 차이,234Am,95,139,234,붕괴 방식,EC+B+,EC,,합산해서 비교함. EC·β⁺ 기호 정의를 화면에 명시했는지 확인 (NUBASE의 β⁺ = EC+양전자)
낮음,EC/β⁺ 표기 차이,235Am,95,140,235,붕괴 방식,EC+B+,EC,,합산해서 비교함. EC·β⁺ 기호 정의를 화면에 명시했는지 확인 (NUBASE의 β⁺ = EC+양전자)
낮음,EC/β⁺ 표기 차이,236Am,95,141,236,붕괴 방식,EC+B+,EC,,합산해서 비교함. EC·β⁺ 기호 정의를 화면에 명시했는지 확인 (NUBASE의 β⁺ = EC+양전자)
낮음,EC/β⁺ 표기 차이,240Am,95,145,240,붕괴 방식,EC+B+,EC,,합산해서 비교함. EC·β⁺ 기호 정의를 화면에 명시했는지 확인 (NUBASE의 β⁺ = EC+양전자)
낮음,EC/β⁺ 표기 차이,236Cm,96,140,236,붕괴 방식,EC+B+,EC,,합산해서 비교함. EC·β⁺ 기호 정의를 화면에 명시했는지 확인 (NUBASE의 β⁺ = EC+양전자)
낮음,EC/β⁺ 표기 차이,239Cm,96,143,239,붕괴 방식,EC+B+,EC,,합산해서 비교함. EC·β⁺ 기호 정의를 화면에 명시했는지 확인 (NUBASE의 β⁺ = EC+양전자)
낮음,EC/β⁺ 표기 차이,234Bk,97,137,234,붕괴 방식,EC+B+,EC,,합산해서 비교함. EC·β⁺ 기호 정의를 화면에 명시했는지 확인 (NUBASE의 β⁺ = EC+양전자)
낮음,EC/β⁺ 표기 차이,239Bk,97,142,239,붕괴 방식,EC+B+,EC,,합산해서 비교함. EC·β⁺ 기호 정의를 화면에 명시했는지 확인 (NUBASE의 β⁺ = EC+양전자)
낮음,EC/β⁺ 표기 차이,244Bk,97,147,244,붕괴 방식,EC+B+,EC,,합산해서 비교함. EC·β⁺ 기호 정의를 화면에 명시했는지 확인 (NUBASE의 β⁺ = EC+양전자)
낮음,EC/β⁺ 표기 차이,239Cf,98,141,239,붕괴 방식,EC+B+,EC,,합산해서 비교함. EC·β⁺ 기호 정의를 화면에 명시했는지 확인 (NUBASE의 β⁺ = EC+양전자)
낮음,EC/β⁺ 표기 차이,245Cf,98,147,245,붕괴 방식,EC+B+,EC,,합산해서 비교함. EC·β⁺ 기호 정의를 화면에 명시했는지 확인 (NUBASE의 β⁺ = EC+양전자)
낮음,EC/β⁺ 표기 차이,244Es,99,145,244,붕괴 방식,EC+B+,EC,,합산해서 비교함. EC·β⁺ 기호 정의를 화면에 명시했는지 확인 (NUBASE의 β⁺ = EC+양전자)
낮음,EC/β⁺ 표기 차이,245Es,99,146,245,붕괴 방식,EC+B+,EC,,합산해서 비교함. EC·β⁺ 기호 정의를 화면에 명시했는지 확인 (NUBASE의 β⁺ = EC+양전자)
낮음,EC/β⁺ 표기 차이,248Es,99,149,248,붕괴 방식,EC+B+,EC,,합산해서 비교함. EC·β⁺ 기호 정의를 화면에 명시했는지 확인 (NUBASE의 β⁺ = EC+양전자)
낮음,EC/β⁺ 표기 차이,250Es,99,151,250,붕괴 방식,EC+B+,EC,,합산해서 비교함. EC·β⁺ 기호 정의를 화면에 명시했는지 확인 (NUBASE의 β⁺ = EC+양전자)
낮음,EC/β⁺ 표기 차이,241Fm,100,141,241,붕괴 방식,EC+B+,EC,,합산해서 비교함. EC·β⁺ 기호 정의를 화면에 명시했는지 확인 (NUBASE의 β⁺ = EC+양전자)
낮음,EC/β⁺ 표기 차이,244Fm,100,144,244,붕괴 방식,EC+B+,EC,,합산해서 비교함. EC·β⁺ 기호 정의를 화면에 명시했는지 확인 (NUBASE의 β⁺ = EC+양전자)
낮음,EC/β⁺ 표기 차이,248Fm,100,148,248,붕괴 방식,EC+B+,EC,,합산해서 비교함. EC·β⁺ 기호 정의를 화면에 명시했는지 확인 (NUBASE의 β⁺ = EC+양전자)
낮음,EC/β⁺ 표기 차이,248Md,101,147,248,붕괴 방식,EC+B+,EC,,합산해서 비교함. EC·β⁺ 기호 정의를 화면에 명시했는지 확인 (NUBASE의 β⁺ = EC+양전자)
낮음,EC/β⁺ 표기 차이,250Md,101,149,250,붕괴 방식,EC+B+,EC,,합산해서 비교함. EC·β⁺ 기호 정의를 화면에 명시했는지 확인 (NUBASE의 β⁺ = EC+양전자)
낮음,EC/β⁺ 표기 차이,252Md,101,151,252,붕괴 방식,EC+B+,EC,,합산해서 비교함. EC·β⁺ 기호 정의를 화면에 명시했는지 확인 (NUBASE의 β⁺ = EC+양전자)
낮음,EC/β⁺ 표기 차이,255Md,101,154,255,붕괴 방식,EC+B+,EC,,합산해서 비교함. EC·β⁺ 기호 정의를 화면에 명시했는지 확인 (NUBASE의 β⁺ = EC+양전자)
낮음,EC/β⁺ 표기 차이,256Md,101,155,256,붕괴 방식,EC+B+,EC,,합산해서 비교함. EC·β⁺ 기호 정의를 화면에 명시했는지 확인 (NUBASE의 β⁺ = EC+양전자)
낮음,EC/β⁺ 표기 차이,254No,102,152,254,붕괴 방식,EC+B+,EC,,합산해서 비교함. EC·β⁺ 기호 정의를 화면에 명시했는지 확인 (NUBASE의 β⁺ = EC+양전자)
낮음,EC/β⁺ 표기 차이,257No,102,155,257,붕괴 방식,EC+B+,EC,,합산해서 비교함. EC·β⁺ 기호 정의를 화면에 명시했는지 확인 (NUBASE의 β⁺ = EC+양전자)
낮음,EC/β⁺ 표기 차이,259No,102,157,259,붕괴 방식,EC,EC+B+,,합산해서 비교함. EC·β⁺ 기호 정의를 화면에 명시했는지 확인 (NUBASE의 β⁺ = EC+양전자)
낮음,EC/β⁺ 표기 차이,255Lr,103,152,255,붕괴 방식,EC+B+,EC,,합산해서 비교함. EC·β⁺ 기호 정의를 화면에 명시했는지 확인 (NUBASE의 β⁺ = EC+양전자)
낮음,EC/β⁺ 표기 차이,256Lr,103,153,256,붕괴 방식,EC+B+,EC,,합산해서 비교함. EC·β⁺ 기호 정의를 화면에 명시했는지 확인 (NUBASE의 β⁺ = EC+양전자)
낮음,EC/β⁺ 표기 차이,257Lr,103,154,257,붕괴 방식,EC+B+,EC,,합산해서 비교함. EC·β⁺ 기호 정의를 화면에 명시했는지 확인 (NUBASE의 β⁺ = EC+양전자)
낮음,EC/β⁺ 표기 차이,258Lr,103,155,258,붕괴 방식,EC+B+,EC,,합산해서 비교함. EC·β⁺ 기호 정의를 화면에 명시했는지 확인 (NUBASE의 β⁺ = EC+양전자)
낮음,EC/β⁺ 표기 차이,260Lr,103,157,260,붕괴 방식,EC+B+,EC,,합산해서 비교함. EC·β⁺ 기호 정의를 화면에 명시했는지 확인 (NUBASE의 β⁺ = EC+양전자)
낮음,EC/β⁺ 표기 차이,257Rf,104,153,257,붕괴 방식,EC+B+,EC,,합산해서 비교함. EC·β⁺ 기호 정의를 화면에 명시했는지 확인 (NUBASE의 β⁺ = EC+양전자)
낮음,EC/β⁺ 표기 차이,256Db,105,151,256,붕괴 방식,EC+B+,EC,,합산해서 비교함. EC·β⁺ 기호 정의를 화면에 명시했는지 확인 (NUBASE의 β⁺ = EC+양전자)
낮음,EC/β⁺ 표기 차이,260Db,105,155,260,붕괴 방식,EC+B+,EC,,합산해서 비교함. EC·β⁺ 기호 정의를 화면에 명시했는지 확인 (NUBASE의 β⁺ = EC+양전자)
낮음,EC/β⁺ 표기 차이,266Db,105,161,266,붕괴 방식,EC+B+,EC,,합산해서 비교함. EC·β⁺ 기호 정의를 화면에 명시했는지 확인 (NUBASE의 β⁺ = EC+양전자)
낮음,EC/β⁺ 표기 차이,259Sg,106,153,259,붕괴 방식,EC+B+,EC,,합산해서 비교함. EC·β⁺ 기호 정의를 화면에 명시했는지 확인 (NUBASE의 β⁺ = EC+양전자)
낮음,EC/β⁺ 표기 차이,260Bh,107,153,260,붕괴 방식,EC+B+,EC,,합산해서 비교함. EC·β⁺ 기호 정의를 화면에 명시했는지 확인 (NUBASE의 β⁺ = EC+양전자)
낮음,J^π 괄호 표기 차이,9He,2,7,9,J^π,1/2(+),1/2+,,
낮음,J^π 괄호 표기 차이,19B,5,14,19,J^π,(3/2-),3/2-,,
낮음,J^π 괄호 표기 차이,13O,8,5,13,J^π,(3/2-),3/2-,,[참조: 단건 API 최신값]
낮음,J^π 괄호 표기 차이,25F,9,16,25,J^π,(5/2+),5/2+,,
낮음,J^π 괄호 표기 차이,43P,15,28,43,J^π,(1/2+),1/2+,,
낮음,J^π 괄호 표기 차이,45Ar,18,27,45,J^π,"(5/2-,7/2-)","5/2-,7/2-",,
낮음,J^π 괄호 표기 차이,55Sc,21,34,55,J^π,(7/2)-,(7/2-),,
낮음,J^π 괄호 표기 차이,56V,23,33,56,J^π,(1+),1+,,
낮음,J^π 괄호 표기 차이,83Ge,32,51,83,J^π,(5/2+),(5/2)+,,
낮음,J^π 괄호 표기 차이,98Rb,37,61,98,J^π,(0-),0(-),,
낮음,J^π 괄호 표기 차이,83Y,39,44,83,J^π,(9/2+),9/2+,,
낮음,J^π 괄호 표기 차이,95Rh,45,50,95,J^π,(9/2)+,9/2+,,
낮음,J^π 괄호 표기 차이,97Ag,47,50,97,J^π,(9/2)+,(9/2+),,
낮음,J^π 괄호 표기 차이,98Ag,47,51,98,J^π,(6)+,(6+),,
낮음,J^π 괄호 표기 차이,103In,49,54,103,J^π,(9/2+),(9/2)+,,
낮음,J^π 괄호 표기 차이,118I,53,65,118,J^π,(2-),2-,,
낮음,J^π 괄호 표기 차이,141La,57,84,141,J^π,(7/2+),7/2(+),,
낮음,J^π 괄호 표기 차이,132Pr,59,73,132,J^π,(2+),(2)+,,
낮음,J^π 괄호 표기 차이,155Pm,61,94,155,J^π,(5/2-),5/2-,,
낮음,J^π 괄호 표기 차이,141Gd,64,77,141,J^π,(1/2+),1/2+,,
낮음,J^π 괄호 표기 차이,162Tb,65,97,162,J^π,(1-),1-,,
낮음,J^π 괄호 표기 차이,154Tm,69,85,154,J^π,(2)-,(2-),,
낮음,J^π 괄호 표기 차이,175Tm,69,106,175,J^π,(1/2)+,(1/2+),,
낮음,J^π 괄호 표기 차이,169Hf,72,97,169,J^π,(5/2-),5/2-,,
낮음,J^π 괄호 표기 차이,158Ta,73,85,158,J^π,(2)-,(2-),,
낮음,J^π 괄호 표기 차이,162Re,75,87,162,J^π,(2)-,(2-),,
낮음,J^π 괄호 표기 차이,166Ir,77,89,166,J^π,(2)-,(2-),,
낮음,J^π 괄호 표기 차이,175Pt,78,97,175,J^π,(7/2-),7/2-,,
낮음,J^π 괄호 표기 차이,170Au,79,91,170,J^π,(2)-,(2-),,
낮음,J^π 괄호 표기 차이,201Ra,88,113,201,J^π,(3/2-),3/2-,,
낮음,J^π 괄호 표기 차이,219Ra,88,131,219,J^π,(7/2)+,(7/2+),,
낮음,J^π 괄호 표기 차이,236Np,93,143,236,J^π,(6-),6(-),,
낮음,J^π 괄호 표기 차이,241Np,93,148,241,J^π,(5/2+),5/2+,,
낮음,J^π 괄호 표기 차이,250Es,99,151,250,J^π,6(+),(6+),,
낮음,J^π 추정(#)↔잠정() 표기 차이,7H,1,6,7,J^π,1/2+#,(1/2+),,"둘 다 불확실 표시, 값은 같음"
낮음,J^π 추정(#)↔잠정() 표기 차이,22N,7,15,22,J^π,0-#,(0-),,"둘 다 불확실 표시, 값은 같음"
낮음,J^π 추정(#)↔잠정() 표기 차이,27F,9,18,27,J^π,5/2+#,(5/2+),,"둘 다 불확실 표시, 값은 같음"
낮음,J^π 추정(#)↔잠정() 표기 차이,18Na,11,7,18,J^π,1-#,(1)-,,"둘 다 불확실 표시, 값은 같음"
낮음,J^π 추정(#)↔잠정() 표기 차이,35Na,11,24,35,J^π,3/2+#,(3/2+),,"[참조: 단건 API 최신값] 둘 다 불확실 표시, 값은 같음"
낮음,J^π 추정(#)↔잠정() 표기 차이,21Al,13,8,21,J^π,5/2+#,(5/2+),,"둘 다 불확실 표시, 값은 같음"
낮음,J^π 추정(#)↔잠정() 표기 차이,38Al,13,25,38,J^π,0-#,(0-),,"둘 다 불확실 표시, 값은 같음"
낮음,J^π 추정(#)↔잠정() 표기 차이,39Al,13,26,39,J^π,5/2+#,(5/2+),,"둘 다 불확실 표시, 값은 같음"
낮음,J^π 추정(#)↔잠정() 표기 차이,35Si,14,21,35,J^π,7/2-#,(7/2)-,,"둘 다 불확실 표시, 값은 같음"
낮음,J^π 추정(#)↔잠정() 표기 차이,25P,15,10,25,J^π,1/2+#,(1/2+),,"둘 다 불확실 표시, 값은 같음"
낮음,J^π 추정(#)↔잠정() 표기 차이,29S,16,13,29,J^π,5/2+#,(5/2+),,"둘 다 불확실 표시, 값은 같음"
낮음,J^π 추정(#)↔잠정() 표기 차이,30Cl,17,13,30,J^π,3+#,(3+),,"둘 다 불확실 표시, 값은 같음"
낮음,J^π 추정(#)↔잠정() 표기 차이,46Cl,17,29,46,J^π,2-#,(2-),,"둘 다 불확실 표시, 값은 같음"
낮음,J^π 추정(#)↔잠정() 표기 차이,52K,19,33,52,J^π,2-#,(2-),,"둘 다 불확실 표시, 값은 같음"
낮음,J^π 추정(#)↔잠정() 표기 차이,55K,19,36,55,J^π,3/2+#,(3/2+),,"[참조: 단건 API 최신값] 둘 다 불확실 표시, 값은 같음"
낮음,J^π 추정(#)↔잠정() 표기 차이,35Ca,20,15,35,J^π,1/2+#,(1/2+),,"둘 다 불확실 표시, 값은 같음"
낮음,J^π 추정(#)↔잠정() 표기 차이,53Ca,20,33,53,J^π,1/2-#,(1/2-),,"둘 다 불확실 표시, 값은 같음"
낮음,J^π 추정(#)↔잠정() 표기 차이,55Ca,20,35,55,J^π,5/2-#,(5/2-),,"둘 다 불확실 표시, 값은 같음"
낮음,J^π 추정(#)↔잠정() 표기 차이,39Sc,21,18,39,J^π,7/2-#,(7/2-),,"둘 다 불확실 표시, 값은 같음"
낮음,J^π 추정(#)↔잠정() 표기 차이,39Ti,22,17,39,J^π,3/2+#,(3/2+),,"둘 다 불확실 표시, 값은 같음"
낮음,J^π 추정(#)↔잠정() 표기 차이,57Ti,22,35,57,J^π,5/2-#,(5/2-),,"둘 다 불확실 표시, 값은 같음"
낮음,J^π 추정(#)↔잠정() 표기 차이,59Ti,22,37,59,J^π,5/2-#,(5/2-),,"둘 다 불확실 표시, 값은 같음"
낮음,J^π 추정(#)↔잠정() 표기 차이,61Ti,22,39,61,J^π,1/2-#,(1/2-),,"둘 다 불확실 표시, 값은 같음"
낮음,J^π 추정(#)↔잠정() 표기 차이,55V,23,32,55,J^π,7/2-#,(7/2-),,"둘 다 불확실 표시, 값은 같음"
낮음,J^π 추정(#)↔잠정() 표기 차이,45Cr,24,21,45,J^π,7/2-#,(7/2-),,"둘 다 불확실 표시, 값은 같음"
낮음,J^π 추정(#)↔잠정() 표기 차이,65Cr,24,41,65,J^π,1/2-#,(1/2-),,"둘 다 불확실 표시, 값은 같음"
낮음,J^π 추정(#)↔잠정() 표기 차이,47Mn,25,22,47,J^π,5/2-#,(5/2-),,"둘 다 불확실 표시, 값은 같음"
낮음,J^π 추정(#)↔잠정() 표기 차이,67Mn,25,42,67,J^π,5/2-#,(5/2-),,"둘 다 불확실 표시, 값은 같음"
낮음,J^π 추정(#)↔잠정() 표기 차이,69Mn,25,44,69,J^π,5/2-#,(5/2-),,"둘 다 불확실 표시, 값은 같음"
낮음,J^π 추정(#)↔잠정() 표기 차이,45Fe,26,19,45,J^π,3/2+#,(3/2+),,"둘 다 불확실 표시, 값은 같음"
낮음,J^π 추정(#)↔잠정() 표기 차이,47Fe,26,21,47,J^π,7/2-#,(7/2-),,"둘 다 불확실 표시, 값은 같음"
낮음,J^π 추정(#)↔잠정() 표기 차이,53Co,27,26,53,J^π,7/2-#,(7/2-),,"둘 다 불확실 표시, 값은 같음"
낮음,J^π 추정(#)↔잠정() 표기 차이,51Ni,28,23,51,J^π,7/2-#,(7/2-),,"둘 다 불확실 표시, 값은 같음"
낮음,J^π 추정(#)↔잠정() 표기 차이,77Ni,28,49,77,J^π,9/2+#,(9/2+),,"둘 다 불확실 표시, 값은 같음"
낮음,J^π 추정(#)↔잠정() 표기 차이,55Cu,29,26,55,J^π,3/2-#,(3/2-),,"둘 다 불확실 표시, 값은 같음"
낮음,J^π 추정(#)↔잠정() 표기 차이,57Zn,30,27,57,J^π,7/2-#,(7/2-),,"둘 다 불확실 표시, 값은 같음"
낮음,J^π 추정(#)↔잠정() 표기 차이,84Ga,31,53,84,J^π,0-#,(0-),,"둘 다 불확실 표시, 값은 같음"
낮음,J^π 추정(#)↔잠정() 표기 차이,61Ge,32,29,61,J^π,3/2-#,(3/2-),,"둘 다 불확실 표시, 값은 같음"
낮음,J^π 추정(#)↔잠정() 표기 차이,81Ge,32,49,81,J^π,9/2+#,(9/2+),,"[참조: 단건 API 최신값] 둘 다 불확실 표시, 값은 같음"
낮음,J^π 추정(#)↔잠정() 표기 차이,87Ge,32,55,87,J^π,5/2+#,(5/2+),,"둘 다 불확실 표시, 값은 같음"
낮음,J^π 추정(#)↔잠정() 표기 차이,83As,33,50,83,J^π,5/2-#,(5/2-),,"둘 다 불확실 표시, 값은 같음"
낮음,J^π 추정(#)↔잠정() 표기 차이,65Se,34,31,65,J^π,3/2-#,(3/2-),,"[참조: 단건 API 최신값] 둘 다 불확실 표시, 값은 같음"
낮음,J^π 추정(#)↔잠정() 표기 차이,67Se,34,33,67,J^π,5/2-#,(5/2-),,"둘 다 불확실 표시, 값은 같음"
낮음,J^π 추정(#)↔잠정() 표기 차이,89Se,34,55,89,J^π,5/2+#,(5/2+),,"둘 다 불확실 표시, 값은 같음"
낮음,J^π 추정(#)↔잠정() 표기 차이,93Se,34,59,93,J^π,1/2+#,(1/2+),,"둘 다 불확실 표시, 값은 같음"
낮음,J^π 추정(#)↔잠정() 표기 차이,93Br,35,58,93,J^π,5/2-#,(5/2-),,"둘 다 불확실 표시, 값은 같음"
낮음,J^π 추정(#)↔잠정() 표기 차이,97Kr,36,61,97,J^π,3/2+#,(3/2+),,"둘 다 불확실 표시, 값은 같음"
낮음,J^π 추정(#)↔잠정() 표기 차이,73Rb,37,36,73,J^π,3/2-#,(3/2-),,"둘 다 불확실 표시, 값은 같음"
낮음,J^π 추정(#)↔잠정() 표기 차이,100Rb,37,63,100,J^π,4-#,(4-),,"둘 다 불확실 표시, 값은 같음"
낮음,J^π 추정(#)↔잠정() 표기 차이,101Rb,37,64,101,J^π,3/2+#,(3/2+),,"둘 다 불확실 표시, 값은 같음"
낮음,J^π 추정(#)↔잠정() 표기 차이,77Y,39,38,77,J^π,5/2+#,(5/2+),,"둘 다 불확실 표시, 값은 같음"
낮음,J^π 추정(#)↔잠정() 표기 차이,79Y,39,40,79,J^π,5/2+#,(5/2+),,"둘 다 불확실 표시, 값은 같음"
낮음,J^π 추정(#)↔잠정() 표기 차이,103Y,39,64,103,J^π,5/2+#,(5/2+),,"둘 다 불확실 표시, 값은 같음"
낮음,J^π 추정(#)↔잠정() 표기 차이,109Y,39,70,109,J^π,5/2+#,(5/2+),,"둘 다 불확실 표시, 값은 같음"
낮음,J^π 추정(#)↔잠정() 표기 차이,83Zr,40,43,83,J^π,1/2-#,(1/2-),,"둘 다 불확실 표시, 값은 같음"
낮음,J^π 추정(#)↔잠정() 표기 차이,109Zr,40,69,109,J^π,5/2+#,(5/2+),,"둘 다 불확실 표시, 값은 같음"
낮음,J^π 추정(#)↔잠정() 표기 차이,85Nb,41,44,85,J^π,9/2+#,(9/2+),,"둘 다 불확실 표시, 값은 같음"
낮음,J^π 추정(#)↔잠정() 표기 차이,106Nb,41,65,106,J^π,1-#,(1-),,"둘 다 불확실 표시, 값은 같음"
낮음,J^π 추정(#)↔잠정() 표기 차이,87Mo,42,45,87,J^π,7/2+#,(7/2+),,"둘 다 불확실 표시, 값은 같음"
낮음,J^π 추정(#)↔잠정() 표기 차이,87Tc,43,44,87,J^π,9/2+#,(9/2+),,"둘 다 불확실 표시, 값은 같음"
낮음,J^π 추정(#)↔잠정() 표기 차이,111Tc,43,68,111,J^π,5/2+#,(5/2+),,"둘 다 불확실 표시, 값은 같음"
낮음,J^π 추정(#)↔잠정() 표기 차이,113Tc,43,70,113,J^π,5/2+#,(5/2+),,"둘 다 불확실 표시, 값은 같음"
낮음,J^π 추정(#)↔잠정() 표기 차이,93Rh,45,48,93,J^π,9/2+#,(9/2+),,"둘 다 불확실 표시, 값은 같음"
낮음,J^π 추정(#)↔잠정() 표기 차이,117Rh,45,72,117,J^π,7/2+#,(7/2+),,"둘 다 불확실 표시, 값은 같음"
낮음,J^π 추정(#)↔잠정() 표기 차이,119Rh,45,74,119,J^π,7/2+#,(7/2+),,"둘 다 불확실 표시, 값은 같음"
낮음,J^π 추정(#)↔잠정() 표기 차이,95Pd,46,49,95,J^π,9/2+#,(9/2+),,"둘 다 불확실 표시, 값은 같음"
낮음,J^π 추정(#)↔잠정() 표기 차이,97Pd,46,51,97,J^π,5/2+#,(5/2+),,"둘 다 불확실 표시, 값은 같음"
낮음,J^π 추정(#)↔잠정() 표기 차이,94Ag,47,47,94,J^π,0+#,(0+),,"둘 다 불확실 표시, 값은 같음"
낮음,J^π 추정(#)↔잠정() 표기 차이,117Ag,47,70,117,J^π,1/2-#,(1/2-),,"둘 다 불확실 표시, 값은 같음"
낮음,J^π 추정(#)↔잠정() 표기 차이,119Ag,47,72,119,J^π,7/2+#,(7/2+),,"[Ag-119m와 비교] 둘 다 불확실 표시, 값은 같음"
낮음,J^π 추정(#)↔잠정() 표기 차이,121Ag,47,74,121,J^π,7/2+#,(7/2+),,"둘 다 불확실 표시, 값은 같음"
낮음,J^π 추정(#)↔잠정() 표기 차이,126Ag,47,79,126,J^π,3+#,(3+),,"둘 다 불확실 표시, 값은 같음"
낮음,J^π 추정(#)↔잠정() 표기 차이,129Ag,47,82,129,J^π,9/2+#,(9/2+),,"둘 다 불확실 표시, 값은 같음"
낮음,J^π 추정(#)↔잠정() 표기 차이,99Cd,48,51,99,J^π,5/2+#,(5/2+),,"둘 다 불확실 표시, 값은 같음"
낮음,J^π 추정(#)↔잠정() 표기 차이,131Cd,48,83,131,J^π,7/2-#,(7/2-),,"둘 다 불확실 표시, 값은 같음"
낮음,J^π 추정(#)↔잠정() 표기 차이,133Cd,48,85,133,J^π,7/2-#,(7/2-),,"둘 다 불확실 표시, 값은 같음"
낮음,J^π 추정(#)↔잠정() 표기 차이,97In,49,48,97,J^π,9/2+#,(9/2+),,"둘 다 불확실 표시, 값은 같음"
낮음,J^π 추정(#)↔잠정() 표기 차이,100In,49,51,100,J^π,6+#,(6+),,"둘 다 불확실 표시, 값은 같음"
낮음,J^π 추정(#)↔잠정() 표기 차이,103Sn,50,53,103,J^π,5/2+#,(5/2+),,"둘 다 불확실 표시, 값은 같음"
낮음,J^π 추정(#)↔잠정() 표기 차이,135Sn,50,85,135,J^π,7/2-#,(7/2-),,"둘 다 불확실 표시, 값은 같음"
낮음,J^π 추정(#)↔잠정() 표기 차이,107Sb,51,56,107,J^π,5/2+#,(5/2+),,"둘 다 불확실 표시, 값은 같음"
낮음,J^π 추정(#)↔잠정() 표기 차이,109Sb,51,58,109,J^π,5/2+#,(5/2+),,"둘 다 불확실 표시, 값은 같음"
낮음,J^π 추정(#)↔잠정() 표기 차이,137Sb,51,86,137,J^π,7/2+#,(7/2+),,"둘 다 불확실 표시, 값은 같음"
낮음,J^π 추정(#)↔잠정() 표기 차이,139Sb,51,88,139,J^π,7/2+#,(7/2+),,"둘 다 불확실 표시, 값은 같음"
낮음,J^π 추정(#)↔잠정() 표기 차이,133Te,52,81,133,J^π,3/2+#,(3/2+),,"둘 다 불확실 표시, 값은 같음"
낮음,J^π 추정(#)↔잠정() 표기 차이,111I,53,58,111,J^π,5/2+#,(5/2+),,"둘 다 불확실 표시, 값은 같음"
낮음,J^π 추정(#)↔잠정() 표기 차이,112I,53,59,112,J^π,1+#,(1+),,"둘 다 불확실 표시, 값은 같음"
낮음,J^π 추정(#)↔잠정() 표기 차이,115I,53,62,115,J^π,5/2+#,(5/2+),,"둘 다 불확실 표시, 값은 같음"
낮음,J^π 추정(#)↔잠정() 표기 차이,137I,53,84,137,J^π,7/2+#,(7/2+),,"둘 다 불확실 표시, 값은 같음"
낮음,J^π 추정(#)↔잠정() 표기 차이,139I,53,86,139,J^π,7/2+#,(7/2+),,"둘 다 불확실 표시, 값은 같음"
낮음,J^π 추정(#)↔잠정() 표기 차이,113Xe,54,59,113,J^π,5/2+#,(5/2+),,"둘 다 불확실 표시, 값은 같음"
낮음,J^π 추정(#)↔잠정() 표기 차이,112Cs,55,57,112,J^π,1+#,(1+),,"둘 다 불확실 표시, 값은 같음"
낮음,J^π 추정(#)↔잠정() 표기 차이,117Cs,55,62,117,J^π,9/2+#,(9/2+),,"둘 다 불확실 표시, 값은 같음"
낮음,J^π 추정(#)↔잠정() 표기 차이,115Ba,56,59,115,J^π,5/2+#,(5/2+),,"둘 다 불확실 표시, 값은 같음"
낮음,J^π 추정(#)↔잠정() 표기 차이,151La,57,94,151,J^π,1/2+#,(1/2+),,"둘 다 불확실 표시, 값은 같음"
낮음,J^π 추정(#)↔잠정() 표기 차이,152La,57,95,152,J^π,2-#,(2-),,"둘 다 불확실 표시, 값은 같음"
낮음,J^π 추정(#)↔잠정() 표기 차이,154La,57,97,154,J^π,2-#,(2-),,"둘 다 불확실 표시, 값은 같음"
낮음,J^π 추정(#)↔잠정() 표기 차이,156La,57,99,156,J^π,4+#,(4+),,"둘 다 불확실 표시, 값은 같음"
낮음,J^π 추정(#)↔잠정() 표기 차이,145Ce,58,87,145,J^π,5/2-#,(5/2-),,"둘 다 불확실 표시, 값은 같음"
낮음,J^π 추정(#)↔잠정() 표기 차이,149Ce,58,91,149,J^π,3/2-#,(3/2-),,"둘 다 불확실 표시, 값은 같음"
낮음,J^π 추정(#)↔잠정() 표기 차이,157Ce,58,99,157,J^π,7/2+#,(7/2+),,"둘 다 불확실 표시, 값은 같음"
낮음,J^π 추정(#)↔잠정() 표기 차이,156Pr,59,97,156,J^π,1+#,(1+),,"둘 다 불확실 표시, 값은 같음"
낮음,J^π 추정(#)↔잠정() 표기 차이,157Pr,59,98,157,J^π,3/2-#,(3/2-),,"둘 다 불확실 표시, 값은 같음"
낮음,J^π 추정(#)↔잠정() 표기 차이,158Pr,59,99,158,J^π,5-#,(5-),,"둘 다 불확실 표시, 값은 같음"
낮음,J^π 추정(#)↔잠정() 표기 차이,159Pr,59,100,159,J^π,3/2-#,(3/2-),,"둘 다 불확실 표시, 값은 같음"
낮음,J^π 추정(#)↔잠정() 표기 차이,157Nd,60,97,157,J^π,5/2-#,(5/2-),,"둘 다 불확실 표시, 값은 같음"
낮음,J^π 추정(#)↔잠정() 표기 차이,159Nd,60,99,159,J^π,7/2+#,(7/2+),,"둘 다 불확실 표시, 값은 같음"
낮음,J^π 추정(#)↔잠정() 표기 차이,161Nd,60,101,161,J^π,1/2-#,(1/2-),,"둘 다 불확실 표시, 값은 같음"
낮음,J^π 추정(#)↔잠정() 표기 차이,138Pm,61,77,138,J^π,1+#,(1+),,"[Pm-138m와 비교] 둘 다 불확실 표시, 값은 같음"
낮음,J^π 추정(#)↔잠정() 표기 차이,162Pm,61,101,162,J^π,2+#,(2+),,"둘 다 불확실 표시, 값은 같음"
낮음,J^π 추정(#)↔잠정() 표기 차이,163Pm,61,102,163,J^π,5/2-#,(5/2-),,"둘 다 불확실 표시, 값은 같음"
낮음,J^π 추정(#)↔잠정() 표기 차이,157Sm,62,95,157,J^π,3/2-#,(3/2-),,"둘 다 불확실 표시, 값은 같음"
낮음,J^π 추정(#)↔잠정() 표기 차이,163Sm,62,101,163,J^π,1/2-#,(1/2-),,"둘 다 불확실 표시, 값은 같음"
낮음,J^π 추정(#)↔잠정() 표기 차이,165Sm,62,103,165,J^π,5/2-#,(5/2-),,"둘 다 불확실 표시, 값은 같음"
낮음,J^π 추정(#)↔잠정() 표기 차이,167Eu,63,104,167,J^π,5/2+#,(5/2+),,"둘 다 불확실 표시, 값은 같음"
낮음,J^π 추정(#)↔잠정() 표기 차이,168Eu,63,105,168,J^π,6-#,(6-),,"둘 다 불확실 표시, 값은 같음"
낮음,J^π 추정(#)↔잠정() 표기 차이,139Gd,64,75,139,J^π,9/2-#,(9/2-),,"둘 다 불확실 표시, 값은 같음"
낮음,J^π 추정(#)↔잠정() 표기 차이,167Gd,64,103,167,J^π,5/2-#,(5/2-),,"둘 다 불확실 표시, 값은 같음"
낮음,J^π 추정(#)↔잠정() 표기 차이,169Gd,64,105,169,J^π,7/2-#,(7/2-),,"둘 다 불확실 표시, 값은 같음"
낮음,J^π 추정(#)↔잠정() 표기 차이,169Tb,65,104,169,J^π,3/2+#,(3/2+),,"둘 다 불확실 표시, 값은 같음"
낮음,J^π 추정(#)↔잠정() 표기 차이,172Tb,65,107,172,J^π,6+#,(6+),,"둘 다 불확실 표시, 값은 같음"
낮음,J^π 추정(#)↔잠정() 표기 차이,173Dy,66,107,173,J^π,9/2+#,(9/2+),,"둘 다 불확실 표시, 값은 같음"
낮음,J^π 추정(#)↔잠정() 표기 차이,143Ho,67,76,143,J^π,11/2-#,(11/2-),,"둘 다 불확실 표시, 값은 같음"
낮음,J^π 추정(#)↔잠정() 표기 차이,171Ho,67,104,171,J^π,7/2-#,(7/2-),,"둘 다 불확실 표시, 값은 같음"
낮음,J^π 추정(#)↔잠정() 표기 차이,173Ho,67,106,173,J^π,7/2-#,(7/2-),,"둘 다 불확실 표시, 값은 같음"
낮음,J^π 추정(#)↔잠정() 표기 차이,175Ho,67,108,175,J^π,7/2-#,(7/2-),,"둘 다 불확실 표시, 값은 같음"
낮음,J^π 추정(#)↔잠정() 표기 차이,177Ho,67,110,177,J^π,7/2-#,(7/2-),,"둘 다 불확실 표시, 값은 같음"
낮음,J^π 추정(#)↔잠정() 표기 차이,175Er,68,107,175,J^π,9/2+#,(9/2+),,"둘 다 불확실 표시, 값은 같음"
낮음,J^π 추정(#)↔잠정() 표기 차이,177Er,68,109,177,J^π,1/2-#,(1/2-),,"둘 다 불확실 표시, 값은 같음"
낮음,J^π 추정(#)↔잠정() 표기 차이,177Tm,69,108,177,J^π,1/2+#,(1/2+),,"둘 다 불확실 표시, 값은 같음"
낮음,J^π 추정(#)↔잠정() 표기 차이,181Lu,71,110,181,J^π,7/2+#,(7/2+),,"둘 다 불확실 표시, 값은 같음"
낮음,J^π 추정(#)↔잠정() 표기 차이,183Lu,71,112,183,J^π,7/2+#,(7/2+),,"둘 다 불확실 표시, 값은 같음"
낮음,J^π 추정(#)↔잠정() 표기 차이,155Hf,72,83,155,J^π,7/2-#,(7/2-),,"둘 다 불확실 표시, 값은 같음"
낮음,J^π 추정(#)↔잠정() 표기 차이,169W,74,95,169,J^π,5/2-#,(5/2-),,"둘 다 불확실 표시, 값은 같음"
낮음,J^π 추정(#)↔잠정() 표기 차이,159Re,75,84,159,J^π,1/2+#,(1/2+),,"둘 다 불확실 표시, 값은 같음"
낮음,J^π 추정(#)↔잠정() 표기 차이,175Re,75,100,175,J^π,5/2-#,(5/2-),,"둘 다 불확실 표시, 값은 같음"
낮음,J^π 추정(#)↔잠정() 표기 차이,193Re,75,118,193,J^π,5/2+#,(5/2+),,"둘 다 불확실 표시, 값은 같음"
낮음,J^π 추정(#)↔잠정() 표기 차이,201Os,76,125,201,J^π,1/2-#,(1/2-),,"둘 다 불확실 표시, 값은 같음"
낮음,J^π 추정(#)↔잠정() 표기 차이,203Os,76,127,203,J^π,9/2+#,(9/2+),,"둘 다 불확실 표시, 값은 같음"
낮음,J^π 추정(#)↔잠정() 표기 차이,165Ir,77,88,165,J^π,1/2+#,(1/2+),,"둘 다 불확실 표시, 값은 같음"
낮음,J^π 추정(#)↔잠정() 표기 차이,203Ir,77,126,203,J^π,3/2+#,(3/2+),,"둘 다 불확실 표시, 값은 같음"
낮음,J^π 추정(#)↔잠정() 표기 차이,205Ir,77,128,205,J^π,3/2+#,(3/2+),,"둘 다 불확실 표시, 값은 같음"
낮음,J^π 추정(#)↔잠정() 표기 차이,165Pt,78,87,165,J^π,7/2-#,(7/2-),,"둘 다 불확실 표시, 값은 같음"
낮음,J^π 추정(#)↔잠정() 표기 차이,205Pt,78,127,205,J^π,9/2+#,(9/2+),,"둘 다 불확실 표시, 값은 같음"
낮음,J^π 추정(#)↔잠정() 표기 차이,205Au,79,126,205,J^π,3/2+#,(3/2+),,"둘 다 불확실 표시, 값은 같음"
낮음,J^π 추정(#)↔잠정() 표기 차이,209Au,79,130,209,J^π,3/2+#,(3/2+),,"둘 다 불확실 표시, 값은 같음"
낮음,J^π 추정(#)↔잠정() 표기 차이,209Hg,80,129,209,J^π,9/2+#,(9/2+),,"둘 다 불확실 표시, 값은 같음"
낮음,J^π 추정(#)↔잠정() 표기 차이,188Tl,81,107,188,J^π,2-#,(2-),,"둘 다 불확실 표시, 값은 같음"
낮음,J^π 추정(#)↔잠정() 표기 차이,210Tl,81,129,210,J^π,5+#,(5+),,"둘 다 불확실 표시, 값은 같음"
낮음,J^π 추정(#)↔잠정() 표기 차이,213Tl,81,132,213,J^π,1/2+#,(1/2+),,"둘 다 불확실 표시, 값은 같음"
낮음,J^π 추정(#)↔잠정() 표기 차이,193Pb,82,111,193,J^π,3/2-#,(3/2-),,"둘 다 불확실 표시, 값은 같음"
낮음,J^π 추정(#)↔잠정() 표기 차이,215Pb,82,133,215,J^π,9/2+#,(9/2+),,"둘 다 불확실 표시, 값은 같음"
낮음,J^π 추정(#)↔잠정() 표기 차이,217Bi,83,134,217,J^π,9/2-#,(9/2-),,"둘 다 불확실 표시, 값은 같음"
낮음,J^π 추정(#)↔잠정() 표기 차이,219Bi,83,136,219,J^π,9/2-#,(9/2-),,"둘 다 불확실 표시, 값은 같음"
낮음,J^π 추정(#)↔잠정() 표기 차이,219Po,84,135,219,J^π,9/2+#,(9/2+),,"둘 다 불확실 표시, 값은 같음"
낮음,J^π 추정(#)↔잠정() 표기 차이,213Rn,86,127,213,J^π,9/2+#,(9/2+),,"둘 다 불확실 표시, 값은 같음"
낮음,J^π 추정(#)↔잠정() 표기 차이,231Rn,86,145,231,J^π,1/2+#,(1/2+),,"둘 다 불확실 표시, 값은 같음"
낮음,J^π 추정(#)↔잠정() 표기 차이,233Fr,87,146,233,J^π,1/2+#,(1/2+),,"둘 다 불확실 표시, 값은 같음"
낮음,J^π 추정(#)↔잠정() 표기 차이,215Ra,88,127,215,J^π,9/2+#,(9/2+),,"둘 다 불확실 표시, 값은 같음"
낮음,J^π 추정(#)↔잠정() 표기 차이,233Ra,88,145,233,J^π,1/2+#,(1/2+),,"둘 다 불확실 표시, 값은 같음"
낮음,J^π 추정(#)↔잠정() 표기 차이,217Th,90,127,217,J^π,9/2+#,(9/2+),,"둘 다 불확실 표시, 값은 같음"
낮음,J^π 추정(#)↔잠정() 표기 차이,219Th,90,129,219,J^π,9/2+#,(9/2+),,"둘 다 불확실 표시, 값은 같음"
낮음,J^π 추정(#)↔잠정() 표기 차이,221Th,90,131,221,J^π,7/2+#,(7/2+),,"둘 다 불확실 표시, 값은 같음"
낮음,J^π 추정(#)↔잠정() 표기 차이,235Th,90,145,235,J^π,1/2+#,(1/2+),,"둘 다 불확실 표시, 값은 같음"
낮음,J^π 추정(#)↔잠정() 표기 차이,237Th,90,147,237,J^π,5/2+#,(5/2+),,"둘 다 불확실 표시, 값은 같음"
낮음,J^π 추정(#)↔잠정() 표기 차이,218Pa,91,127,218,J^π,8-#,(8-),,"둘 다 불확실 표시, 값은 같음"
낮음,J^π 추정(#)↔잠정() 표기 차이,238Pa,91,147,238,J^π,3-#,(3-),,"둘 다 불확실 표시, 값은 같음"
낮음,J^π 추정(#)↔잠정() 표기 차이,221U,92,129,221,J^π,9/2+#,(9/2+),,"둘 다 불확실 표시, 값은 같음"
낮음,J^π 추정(#)↔잠정() 표기 차이,219Np,93,126,219,J^π,9/2-#,(9/2-),,"둘 다 불확실 표시, 값은 같음"
낮음,J^π 추정(#)↔잠정() 표기 차이,233Np,93,140,233,J^π,5/2+#,(5/2+),,"둘 다 불확실 표시, 값은 같음"
낮음,J^π 추정(#)↔잠정() 표기 차이,244Np,93,151,244,J^π,7-#,(7-),,"둘 다 불확실 표시, 값은 같음"
낮음,J^π 추정(#)↔잠정() 표기 차이,229Pu,94,135,229,J^π,3/2+#,(3/2+),,"둘 다 불확실 표시, 값은 같음"
낮음,J^π 추정(#)↔잠정() 표기 차이,247Pu,94,153,247,J^π,1/2+#,(1/2+),,"둘 다 불확실 표시, 값은 같음"
낮음,J^π 추정(#)↔잠정() 표기 차이,247Am,95,152,247,J^π,5/2#,(5/2),,"둘 다 불확실 표시, 값은 같음"
낮음,J^π 추정(#)↔잠정() 표기 차이,239Cm,96,143,239,J^π,7/2-#,(7/2-),,"둘 다 불확실 표시, 값은 같음"
낮음,J^π 추정(#)↔잠정() 표기 차이,241Cf,98,143,241,J^π,7/2-#,(7/2-),,"둘 다 불확실 표시, 값은 같음"
낮음,J^π 추정(#)↔잠정() 표기 차이,243Fm,100,143,243,J^π,7/2-#,(7/2-),,"둘 다 불확실 표시, 값은 같음"
낮음,J^π 추정(#)↔잠정() 표기 차이,245Md,101,144,245,J^π,1/2-#,(1/2-),,"[Md-245m와 비교] 둘 다 불확실 표시, 값은 같음"
낮음,J^π 추정(#)↔잠정() 표기 차이,247Md,101,146,247,J^π,7/2-#,(7/2-),,"둘 다 불확실 표시, 값은 같음"
낮음,J^π 추정(#)↔잠정() 표기 차이,258Md,101,157,258,J^π,8-#,(8-),,"둘 다 불확실 표시, 값은 같음"
낮음,J^π 추정(#)↔잠정() 표기 차이,249No,102,147,249,J^π,5/2+#,(5/2+),,"[참조: 단건 API 최신값] 둘 다 불확실 표시, 값은 같음"
낮음,J^π 추정(#)↔잠정() 표기 차이,257Db,105,152,257,J^π,9/2+#,(9/2+),,"둘 다 불확실 표시, 값은 같음"
낮음,내 데이터에만 있음,3Li,3,0,3,커버리지,미관측 표시,,,LiveChart 바닥상태에 없음 — 미관측(이론 예측) 핵종으로 화면에 구분 표시됨
낮음,내 데이터에만 있음,5Be,4,1,5,커버리지,미관측 표시,,,LiveChart 바닥상태에 없음 — 미관측(이론 예측) 핵종으로 화면에 구분 표시됨
낮음,내 데이터에만 있음,6B,5,1,6,커버리지,미관측 표시,,,LiveChart 바닥상태에 없음 — 미관측(이론 예측) 핵종으로 화면에 구분 표시됨
낮음,내 데이터에만 있음,21C,6,15,21,커버리지,미관측 표시,,,LiveChart 바닥상태에 없음 — 미관측(이론 예측) 핵종으로 화면에 구분 표시됨
낮음,내 데이터에만 있음,23C,6,17,23,커버리지,미관측 표시,,,LiveChart 바닥상태에 없음 — 미관측(이론 예측) 핵종으로 화면에 구분 표시됨
낮음,내 데이터에만 있음,25N,7,18,25,커버리지,미관측 표시,,,LiveChart 바닥상태에 없음 — 미관측(이론 예측) 핵종으로 화면에 구분 표시됨
낮음,내 데이터에만 있음,27O,8,19,27,커버리지,미관측 표시,,,LiveChart 바닥상태에 없음 — 미관측(이론 예측) 핵종으로 화면에 구분 표시됨
낮음,내 데이터에만 있음,28O,8,20,28,커버리지,미관측 표시,,,LiveChart 바닥상태에 없음 — 미관측(이론 예측) 핵종으로 화면에 구분 표시됨
낮음,내 데이터에만 있음,38Na,11,27,38,커버리지,미관측 표시,,,LiveChart 바닥상태에 없음 — 미관측(이론 예측) 핵종으로 화면에 구분 표시됨
낮음,내 데이터에만 있음,41Mg,12,29,41,커버리지,미관측 표시,,,LiveChart 바닥상태에 없음 — 미관측(이론 예측) 핵종으로 화면에 구분 표시됨
낮음,내 데이터에만 있음,45Si,14,31,45,커버리지,미관측 표시,,,LiveChart 바닥상태에 없음 — 미관측(이론 예측) 핵종으로 화면에 구분 표시됨
낮음,내 데이터에만 있음,24P,15,9,24,커버리지,미관측 표시,,,LiveChart 바닥상태에 없음 — 미관측(이론 예측) 핵종으로 화면에 구분 표시됨
낮음,내 데이터에만 있음,32K,19,13,32,커버리지,미관측 표시,,,LiveChart 바닥상태에 없음 — 미관측(이론 예측) 핵종으로 화면에 구분 표시됨
낮음,내 데이터에만 있음,33Ca,20,13,33,커버리지,미관측 표시,,,LiveChart 바닥상태에 없음 — 미관측(이론 예측) 핵종으로 화면에 구분 표시됨
낮음,내 데이터에만 있음,61Ca,20,41,61,커버리지,미관측 표시,,,LiveChart 바닥상태에 없음 — 미관측(이론 예측) 핵종으로 화면에 구분 표시됨
낮음,내 데이터에만 있음,35Sc,21,14,35,커버리지,미관측 표시,,,LiveChart 바닥상태에 없음 — 미관측(이론 예측) 핵종으로 화면에 구분 표시됨
낮음,내 데이터에만 있음,36Sc,21,15,36,커버리지,미관측 표시,,,LiveChart 바닥상태에 없음 — 미관측(이론 예측) 핵종으로 화면에 구분 표시됨
낮음,내 데이터에만 있음,37Sc,21,16,37,커버리지,미관측 표시,,,LiveChart 바닥상태에 없음 — 미관측(이론 예측) 핵종으로 화면에 구분 표시됨
낮음,내 데이터에만 있음,63Sc,21,42,63,커버리지,미관측 표시,,,LiveChart 바닥상태에 없음 — 미관측(이론 예측) 핵종으로 화면에 구분 표시됨
낮음,내 데이터에만 있음,37Ti,22,15,37,커버리지,미관측 표시,,,LiveChart 바닥상태에 없음 — 미관측(이론 예측) 핵종으로 화면에 구분 표시됨
낮음,내 데이터에만 있음,65Ti,22,43,65,커버리지,미관측 표시,,,LiveChart 바닥상태에 없음 — 미관측(이론 예측) 핵종으로 화면에 구분 표시됨
낮음,내 데이터에만 있음,39V,23,16,39,커버리지,미관측 표시,,,LiveChart 바닥상태에 없음 — 미관측(이론 예측) 핵종으로 화면에 구분 표시됨
낮음,내 데이터에만 있음,40V,23,17,40,커버리지,미관측 표시,,,LiveChart 바닥상태에 없음 — 미관측(이론 예측) 핵종으로 화면에 구분 표시됨
낮음,내 데이터에만 있음,41V,23,18,41,커버리지,미관측 표시,,,LiveChart 바닥상태에 없음 — 미관측(이론 예측) 핵종으로 화면에 구분 표시됨
낮음,내 데이터에만 있음,41Cr,24,17,41,커버리지,미관측 표시,,,LiveChart 바닥상태에 없음 — 미관측(이론 예측) 핵종으로 화면에 구분 표시됨
낮음,내 데이터에만 있음,43Mn,25,18,43,커버리지,미관측 표시,,,LiveChart 바닥상태에 없음 — 미관측(이론 예측) 핵종으로 화면에 구분 표시됨
낮음,내 데이터에만 있음,47Co,27,20,47,커버리지,미관측 표시,,,LiveChart 바닥상태에 없음 — 미관측(이론 예측) 핵종으로 화면에 구분 표시됨
낮음,내 데이터에만 있음,49Co,27,22,49,커버리지,미관측 표시,,,LiveChart 바닥상태에 없음 — 미관측(이론 예측) 핵종으로 화면에 구분 표시됨
낮음,내 데이터에만 있음,52Cu,29,23,52,커버리지,미관측 표시,,,LiveChart 바닥상태에 없음 — 미관측(이론 예측) 핵종으로 화면에 구분 표시됨
낮음,내 데이터에만 있음,84Cu,29,55,84,커버리지,미관측 표시,,,LiveChart 바닥상태에 없음 — 미관측(이론 예측) 핵종으로 화면에 구분 표시됨
낮음,내 데이터에만 있음,86Zn,30,56,86,커버리지,미관측 표시,,,LiveChart 바닥상태에 없음 — 미관측(이론 예측) 핵종으로 화면에 구분 표시됨
낮음,내 데이터에만 있음,56Ga,31,25,56,커버리지,미관측 표시,,,LiveChart 바닥상태에 없음 — 미관측(이론 예측) 핵종으로 화면에 구분 표시됨
낮음,내 데이터에만 있음,57Ga,31,26,57,커버리지,미관측 표시,,,LiveChart 바닥상태에 없음 — 미관측(이론 예측) 핵종으로 화면에 구분 표시됨
낮음,내 데이터에만 있음,58Ga,31,27,58,커버리지,미관측 표시,,,LiveChart 바닥상태에 없음 — 미관측(이론 예측) 핵종으로 화면에 구분 표시됨
낮음,내 데이터에만 있음,88Ga,31,57,88,커버리지,미관측 표시,,,LiveChart 바닥상태에 없음 — 미관측(이론 예측) 핵종으로 화면에 구분 표시됨
낮음,내 데이터에만 있음,58Ge,32,26,58,커버리지,미관측 표시,,,LiveChart 바닥상태에 없음 — 미관측(이론 예측) 핵종으로 화면에 구분 표시됨
낮음,내 데이터에만 있음,60As,33,27,60,커버리지,미관측 표시,,,LiveChart 바닥상태에 없음 — 미관측(이론 예측) 핵종으로 화면에 구분 표시됨
낮음,내 데이터에만 있음,61As,33,28,61,커버리지,미관측 표시,,,LiveChart 바닥상태에 없음 — 미관측(이론 예측) 핵종으로 화면에 구분 표시됨
낮음,내 데이터에만 있음,62As,33,29,62,커버리지,미관측 표시,,,LiveChart 바닥상태에 없음 — 미관측(이론 예측) 핵종으로 화면에 구분 표시됨
낮음,내 데이터에만 있음,65Br,35,30,65,커버리지,미관측 표시,,,LiveChart 바닥상태에 없음 — 미관측(이론 예측) 핵종으로 화면에 구분 표시됨
낮음,내 데이터에만 있음,66Br,35,31,66,커버리지,미관측 표시,,,LiveChart 바닥상태에 없음 — 미관측(이론 예측) 핵종으로 화면에 구분 표시됨
낮음,내 데이터에만 있음,71Rb,37,34,71,커버리지,미관측 표시,,,LiveChart 바닥상태에 없음 — 미관측(이론 예측) 핵종으로 화면에 구분 표시됨
낮음,내 데이터에만 있음,75Y,39,36,75,커버리지,미관측 표시,,,LiveChart 바닥상태에 없음 — 미관측(이론 예측) 핵종으로 화면에 구분 표시됨
낮음,내 데이터에만 있음,79Nb,41,38,79,커버리지,미관측 표시,,,LiveChart 바닥상태에 없음 — 미관측(이론 예측) 핵종으로 화면에 구분 표시됨
낮음,내 데이터에만 있음,80Nb,41,39,80,커버리지,미관측 표시,,,LiveChart 바닥상태에 없음 — 미관측(이론 예측) 핵종으로 화면에 구분 표시됨
낮음,내 데이터에만 있음,83Tc,43,40,83,커버리지,미관측 표시,,,LiveChart 바닥상태에 없음 — 미관측(이론 예측) 핵종으로 화면에 구분 표시됨
낮음,내 데이터에만 있음,84Tc,43,41,84,커버리지,미관측 표시,,,LiveChart 바닥상태에 없음 — 미관측(이론 예측) 핵종으로 화면에 구분 표시됨
낮음,내 데이터에만 있음,88Rh,45,43,88,커버리지,미관측 표시,,,LiveChart 바닥상태에 없음 — 미관측(이론 예측) 핵종으로 화면에 구분 표시됨
낮음,내 데이터에만 있음,133Ag,47,86,133,커버리지,미관측 표시,,,LiveChart 바닥상태에 없음 — 미관측(이론 예측) 핵종으로 화면에 구분 표시됨
낮음,내 데이터에만 있음,135Cd,48,87,135,커버리지,미관측 표시,,,LiveChart 바닥상태에 없음 — 미관측(이론 예측) 핵종으로 화면에 구분 표시됨
낮음,내 데이터에만 있음,102Sb,51,51,102,커버리지,미관측 표시,,,LiveChart 바닥상태에 없음 — 미관측(이론 예측) 핵종으로 화면에 구분 표시됨
낮음,내 데이터에만 있음,106I,53,53,106,커버리지,미관측 표시,,,LiveChart 바닥상태에 없음 — 미관측(이론 예측) 핵종으로 화면에 구분 표시됨
낮음,내 데이터에만 있음,107I,53,54,107,커버리지,미관측 표시,,,LiveChart 바닥상태에 없음 — 미관측(이론 예측) 핵종으로 화면에 구분 표시됨
낮음,내 데이터에만 있음,111Cs,55,56,111,커버리지,미관측 표시,,,LiveChart 바닥상태에 없음 — 미관측(이론 예측) 핵종으로 화면에 구분 표시됨
낮음,내 데이터에만 있음,113Ba,56,57,113,커버리지,미관측 표시,,,LiveChart 바닥상태에 없음 — 미관측(이론 예측) 핵종으로 화면에 구분 표시됨
낮음,내 데이터에만 있음,116La,57,59,116,커버리지,미관측 표시,,,LiveChart 바닥상태에 없음 — 미관측(이론 예측) 핵종으로 화면에 구분 표시됨
낮음,내 데이터에만 있음,118La,57,61,118,커버리지,미관측 표시,,,LiveChart 바닥상태에 없음 — 미관측(이론 예측) 핵종으로 화면에 구분 표시됨
낮음,내 데이터에만 있음,119La,57,62,119,커버리지,미관측 표시,,,LiveChart 바닥상태에 없음 — 미관측(이론 예측) 핵종으로 화면에 구분 표시됨
낮음,내 데이터에만 있음,119Ce,58,61,119,커버리지,미관측 표시,,,LiveChart 바닥상태에 없음 — 미관측(이론 예측) 핵종으로 화면에 구분 표시됨
낮음,내 데이터에만 있음,120Ce,58,62,120,커버리지,미관측 표시,,,LiveChart 바닥상태에 없음 — 미관측(이론 예측) 핵종으로 화면에 구분 표시됨
낮음,내 데이터에만 있음,159Ce,58,101,159,커버리지,미관측 표시,,,LiveChart 바닥상태에 없음 — 미관측(이론 예측) 핵종으로 화면에 구분 표시됨
낮음,내 데이터에만 있음,122Pr,59,63,122,커버리지,미관측 표시,,,LiveChart 바닥상태에 없음 — 미관측(이론 예측) 핵종으로 화면에 구분 표시됨
낮음,내 데이터에만 있음,123Pr,59,64,123,커버리지,미관측 표시,,,LiveChart 바닥상태에 없음 — 미관측(이론 예측) 핵종으로 화면에 구분 표시됨
낮음,내 데이터에만 있음,124Nd,60,64,124,커버리지,미관측 표시,,,LiveChart 바닥상태에 없음 — 미관측(이론 예측) 핵종으로 화면에 구분 표시됨
낮음,내 데이터에만 있음,126Pm,61,65,126,커버리지,미관측 표시,,,LiveChart 바닥상태에 없음 — 미관측(이론 예측) 핵종으로 화면에 구분 표시됨
낮음,내 데이터에만 있음,127Pm,61,66,127,커버리지,미관측 표시,,,LiveChart 바닥상태에 없음 — 미관측(이론 예측) 핵종으로 화면에 구분 표시됨
낮음,내 데이터에만 있음,128Sm,62,66,128,커버리지,미관측 표시,,,LiveChart 바닥상태에 없음 — 미관측(이론 예측) 핵종으로 화면에 구분 표시됨
낮음,내 데이터에만 있음,133Eu,63,70,133,커버리지,미관측 표시,,,LiveChart 바닥상태에 없음 — 미관측(이론 예측) 핵종으로 화면에 구분 표시됨
낮음,내 데이터에만 있음,170Eu,63,107,170,커버리지,미관측 표시,,,LiveChart 바닥상태에 없음 — 미관측(이론 예측) 핵종으로 화면에 구분 표시됨
낮음,내 데이터에만 있음,133Gd,64,69,133,커버리지,미관측 표시,,,LiveChart 바닥상태에 없음 — 미관측(이론 예측) 핵종으로 화면에 구분 표시됨
낮음,내 데이터에만 있음,136Tb,65,71,136,커버리지,미관측 표시,,,LiveChart 바닥상태에 없음 — 미관측(이론 예측) 핵종으로 화면에 구분 표시됨
낮음,내 데이터에만 있음,137Tb,65,72,137,커버리지,미관측 표시,,,LiveChart 바닥상태에 없음 — 미관측(이론 예측) 핵종으로 화면에 구분 표시됨
낮음,내 데이터에만 있음,138Dy,66,72,138,커버리지,미관측 표시,,,LiveChart 바닥상태에 없음 — 미관측(이론 예측) 핵종으로 화면에 구분 표시됨
낮음,내 데이터에만 있음,142Er,68,74,142,커버리지,미관측 표시,,,LiveChart 바닥상태에 없음 — 미관측(이론 예측) 핵종으로 화면에 구분 표시됨
낮음,내 데이터에만 있음,182Tm,69,113,182,커버리지,미관측 표시,,,LiveChart 바닥상태에 없음 — 미관측(이론 예측) 핵종으로 화면에 구분 표시됨
낮음,내 데이터에만 있음,148Yb,70,78,148,커버리지,미관측 표시,,,LiveChart 바닥상태에 없음 — 미관측(이론 예측) 핵종으로 화면에 구분 표시됨
낮음,내 데이터에만 있음,163Ir,77,86,163,커버리지,미관측 표시,,,LiveChart 바닥상태에 없음 — 미관측(이론 예측) 핵종으로 화면에 구분 표시됨
낮음,내 데이터에만 있음,168Au,79,89,168,커버리지,미관측 표시,,,LiveChart 바닥상태에 없음 — 미관측(이론 예측) 핵종으로 화면에 구분 표시됨
낮음,내 데이터에만 있음,169Au,79,90,169,커버리지,미관측 표시,,,LiveChart 바닥상태에 없음 — 미관측(이론 예측) 핵종으로 화면에 구분 표시됨
낮음,내 데이터에만 있음,218Tl,81,137,218,커버리지,미관측 표시,,,LiveChart 바닥상태에 없음 — 미관측(이론 예측) 핵종으로 화면에 구분 표시됨
낮음,내 데이터에만 있음,235Ra,88,147,235,커버리지,미관측 표시,,,LiveChart 바닥상태에 없음 — 미관측(이론 예측) 핵종으로 화면에 구분 표시됨
낮음,내 데이터에만 있음,237Ac,89,148,237,커버리지,미관측 표시,,,LiveChart 바닥상태에 없음 — 미관측(이론 예측) 핵종으로 화면에 구분 표시됨
낮음,내 데이터에만 있음,239Th,90,149,239,커버리지,미관측 표시,,,LiveChart 바닥상태에 없음 — 미관측(이론 예측) 핵종으로 화면에 구분 표시됨
낮음,내 데이터에만 있음,240Pa,91,149,240,커버리지,미관측 표시,,,LiveChart 바닥상태에 없음 — 미관측(이론 예측) 핵종으로 화면에 구분 표시됨
낮음,내 데이터에만 있음,241Pa,91,150,241,커버리지,미관측 표시,,,LiveChart 바닥상태에 없음 — 미관측(이론 예측) 핵종으로 화면에 구분 표시됨
낮음,내 데이터에만 있음,220U,92,128,220,커버리지,미관측 표시,,,LiveChart 바닥상태에 없음 — 미관측(이론 예측) 핵종으로 화면에 구분 표시됨
낮음,내 데이터에만 있음,221Np,93,128,221,커버리지,미관측 표시,,,LiveChart 바닥상태에 없음 — 미관측(이론 예측) 핵종으로 화면에 구분 표시됨
낮음,내 데이터에만 있음,245Np,93,152,245,커버리지,미관측 표시,,,LiveChart 바닥상태에 없음 — 미관측(이론 예측) 핵종으로 화면에 구분 표시됨
낮음,내 데이터에만 있음,221Pu,94,127,221,커버리지,미관측 표시,,,LiveChart 바닥상태에 없음 — 미관측(이론 예측) 핵종으로 화면에 구분 표시됨
낮음,내 데이터에만 있음,222Pu,94,128,222,커버리지,미관측 표시,,,LiveChart 바닥상태에 없음 — 미관측(이론 예측) 핵종으로 화면에 구분 표시됨
낮음,내 데이터에만 있음,223Pu,94,129,223,커버리지,미관측 표시,,,LiveChart 바닥상태에 없음 — 미관측(이론 예측) 핵종으로 화면에 구분 표시됨
낮음,내 데이터에만 있음,224Pu,94,130,224,커버리지,미관측 표시,,,LiveChart 바닥상태에 없음 — 미관측(이론 예측) 핵종으로 화면에 구분 표시됨
낮음,내 데이터에만 있음,225Pu,94,131,225,커버리지,미관측 표시,,,LiveChart 바닥상태에 없음 — 미관측(이론 예측) 핵종으로 화면에 구분 표시됨
낮음,내 데이터에만 있음,226Pu,94,132,226,커버리지,미관측 표시,,,LiveChart 바닥상태에 없음 — 미관측(이론 예측) 핵종으로 화면에 구분 표시됨
낮음,내 데이터에만 있음,227Pu,94,133,227,커버리지,미관측 표시,,,LiveChart 바닥상태에 없음 — 미관측(이론 예측) 핵종으로 화면에 구분 표시됨
낮음,내 데이터에만 있음,224Am,95,129,224,커버리지,미관측 표시,,,LiveChart 바닥상태에 없음 — 미관측(이론 예측) 핵종으로 화면에 구분 표시됨
낮음,내 데이터에만 있음,225Am,95,130,225,커버리지,미관측 표시,,,LiveChart 바닥상태에 없음 — 미관측(이론 예측) 핵종으로 화면에 구분 표시됨
낮음,내 데이터에만 있음,226Am,95,131,226,커버리지,미관측 표시,,,LiveChart 바닥상태에 없음 — 미관측(이론 예측) 핵종으로 화면에 구분 표시됨
낮음,내 데이터에만 있음,227Am,95,132,227,커버리지,미관측 표시,,,LiveChart 바닥상태에 없음 — 미관측(이론 예측) 핵종으로 화면에 구분 표시됨
낮음,내 데이터에만 있음,228Am,95,133,228,커버리지,미관측 표시,,,LiveChart 바닥상태에 없음 — 미관측(이론 예측) 핵종으로 화면에 구분 표시됨
낮음,내 데이터에만 있음,231Am,95,136,231,커버리지,미관측 표시,,,LiveChart 바닥상태에 없음 — 미관측(이론 예측) 핵종으로 화면에 구분 표시됨
낮음,내 데이터에만 있음,249Am,95,154,249,커버리지,미관측 표시,,,LiveChart 바닥상태에 없음 — 미관측(이론 예측) 핵종으로 화면에 구분 표시됨
낮음,내 데이터에만 있음,231Cm,96,135,231,커버리지,미관측 표시,,,LiveChart 바닥상태에 없음 — 미관측(이론 예측) 핵종으로 화면에 구분 표시됨
낮음,내 데이터에만 있음,232Cm,96,136,232,커버리지,미관측 표시,,,LiveChart 바닥상태에 없음 — 미관측(이론 예측) 핵종으로 화면에 구분 표시됨
낮음,내 데이터에만 있음,252Cm,96,156,252,커버리지,미관측 표시,,,LiveChart 바닥상태에 없음 — 미관측(이론 예측) 핵종으로 화면에 구분 표시됨
낮음,내 데이터에만 있음,235Bk,97,138,235,커버리지,미관측 표시,,,LiveChart 바닥상태에 없음 — 미관측(이론 예측) 핵종으로 화면에 구분 표시됨
낮음,내 데이터에만 있음,237Bk,97,140,237,커버리지,미관측 표시,,,LiveChart 바닥상태에 없음 — 미관측(이론 예측) 핵종으로 화면에 구분 표시됨
낮음,내 데이터에만 있음,254Bk,97,157,254,커버리지,미관측 표시,,,LiveChart 바닥상태에 없음 — 미관측(이론 예측) 핵종으로 화면에 구분 표시됨
낮음,내 데이터에만 있음,239Es,99,140,239,커버리지,미관측 표시,,,LiveChart 바닥상태에 없음 — 미관측(이론 예측) 핵종으로 화면에 구분 표시됨
낮음,내 데이터에만 있음,258Es,99,159,258,커버리지,미관측 표시,,,LiveChart 바닥상태에 없음 — 미관측(이론 예측) 핵종으로 화면에 구분 표시됨
낮음,내 데이터에만 있음,260Fm,100,160,260,커버리지,미관측 표시,,,LiveChart 바닥상태에 없음 — 미관측(이론 예측) 핵종으로 화면에 구분 표시됨
낮음,내 데이터에만 있음,261Md,101,160,261,커버리지,미관측 표시,,,LiveChart 바닥상태에 없음 — 미관측(이론 예측) 핵종으로 화면에 구분 표시됨
낮음,내 데이터에만 있음,262Md,101,161,262,커버리지,미관측 표시,,,LiveChart 바닥상태에 없음 — 미관측(이론 예측) 핵종으로 화면에 구분 표시됨
낮음,내 데이터에만 있음,261No,102,159,261,커버리지,미관측 표시,,,LiveChart 바닥상태에 없음 — 미관측(이론 예측) 핵종으로 화면에 구분 표시됨
낮음,내 데이터에만 있음,263No,102,161,263,커버리지,미관측 표시,,,LiveChart 바닥상태에 없음 — 미관측(이론 예측) 핵종으로 화면에 구분 표시됨
낮음,내 데이터에만 있음,264No,102,162,264,커버리지,미관측 표시,,,LiveChart 바닥상태에 없음 — 미관측(이론 예측) 핵종으로 화면에 구분 표시됨
낮음,내 데이터에만 있음,251Lr,103,148,251,커버리지,미관측 표시,,,LiveChart 바닥상태에 없음 — 미관측(이론 예측) 핵종으로 화면에 구분 표시됨
낮음,내 데이터에만 있음,263Lr,103,160,263,커버리지,미관측 표시,,,LiveChart 바닥상태에 없음 — 미관측(이론 예측) 핵종으로 화면에 구분 표시됨
낮음,내 데이터에만 있음,265Lr,103,162,265,커버리지,미관측 표시,,,LiveChart 바닥상태에 없음 — 미관측(이론 예측) 핵종으로 화면에 구분 표시됨
낮음,내 데이터에만 있음,264Rf,104,160,264,커버리지,미관측 표시,,,LiveChart 바닥상태에 없음 — 미관측(이론 예측) 핵종으로 화면에 구분 표시됨
낮음,내 데이터에만 있음,266Rf,104,162,266,커버리지,미관측 표시,,,LiveChart 바닥상태에 없음 — 미관측(이론 예측) 핵종으로 화면에 구분 표시됨
낮음,내 데이터에만 있음,268Rf,104,164,268,커버리지,미관측 표시,,,LiveChart 바닥상태에 없음 — 미관측(이론 예측) 핵종으로 화면에 구분 표시됨
낮음,내 데이터에만 있음,264Db,105,159,264,커버리지,미관측 표시,,,LiveChart 바닥상태에 없음 — 미관측(이론 예측) 핵종으로 화면에 구분 표시됨
낮음,내 데이터에만 있음,265Db,105,160,265,커버리지,미관측 표시,,,LiveChart 바닥상태에 없음 — 미관측(이론 예측) 핵종으로 화면에 구분 표시됨
낮음,내 데이터에만 있음,269Db,105,164,269,커버리지,미관측 표시,,,LiveChart 바닥상태에 없음 — 미관측(이론 예측) 핵종으로 화면에 구분 표시됨
낮음,내 데이터에만 있음,268Sg,106,162,268,커버리지,미관측 표시,,,LiveChart 바닥상태에 없음 — 미관측(이론 예측) 핵종으로 화면에 구분 표시됨
낮음,내 데이터에만 있음,270Sg,106,164,270,커버리지,미관측 표시,,,LiveChart 바닥상태에 없음 — 미관측(이론 예측) 핵종으로 화면에 구분 표시됨
낮음,내 데이터에만 있음,272Sg,106,166,272,커버리지,미관측 표시,,,LiveChart 바닥상태에 없음 — 미관측(이론 예측) 핵종으로 화면에 구분 표시됨
낮음,내 데이터에만 있음,273Sg,106,167,273,커버리지,미관측 표시,,,LiveChart 바닥상태에 없음 — 미관측(이론 예측) 핵종으로 화면에 구분 표시됨
낮음,내 데이터에만 있음,268Bh,107,161,268,커버리지,미관측 표시,,,LiveChart 바닥상태에 없음 — 미관측(이론 예측) 핵종으로 화면에 구분 표시됨
낮음,내 데이터에만 있음,269Bh,107,162,269,커버리지,미관측 표시,,,LiveChart 바닥상태에 없음 — 미관측(이론 예측) 핵종으로 화면에 구분 표시됨
낮음,내 데이터에만 있음,273Bh,107,166,273,커버리지,미관측 표시,,,LiveChart 바닥상태에 없음 — 미관측(이론 예측) 핵종으로 화면에 구분 표시됨
낮음,내 데이터에만 있음,275Bh,107,168,275,커버리지,미관측 표시,,,LiveChart 바닥상태에 없음 — 미관측(이론 예측) 핵종으로 화면에 구분 표시됨
낮음,내 데이터에만 있음,276Bh,107,169,276,커버리지,미관측 표시,,,LiveChart 바닥상태에 없음 — 미관측(이론 예측) 핵종으로 화면에 구분 표시됨
낮음,내 데이터에만 있음,277Bh,107,170,277,커버리지,미관측 표시,,,LiveChart 바닥상태에 없음 — 미관측(이론 예측) 핵종으로 화면에 구분 표시됨
낮음,내 데이터에만 있음,272Hs,108,164,272,커버리지,미관측 표시,,,LiveChart 바닥상태에 없음 — 미관측(이론 예측) 핵종으로 화면에 구분 표시됨
낮음,내 데이터에만 있음,274Hs,108,166,274,커버리지,미관측 표시,,,LiveChart 바닥상태에 없음 — 미관측(이론 예측) 핵종으로 화면에 구분 표시됨
낮음,내 데이터에만 있음,276Hs,108,168,276,커버리지,미관측 표시,,,LiveChart 바닥상태에 없음 — 미관측(이론 예측) 핵종으로 화면에 구분 표시됨
낮음,내 데이터에만 있음,279Hs,108,171,279,커버리지,미관측 표시,,,LiveChart 바닥상태에 없음 — 미관측(이론 예측) 핵종으로 화면에 구분 표시됨
낮음,내 데이터에만 있음,280Hs,108,172,280,커버리지,미관측 표시,,,LiveChart 바닥상태에 없음 — 미관측(이론 예측) 핵종으로 화면에 구분 표시됨
낮음,내 데이터에만 있음,265Mt,109,156,265,커버리지,미관측 표시,,,LiveChart 바닥상태에 없음 — 미관측(이론 예측) 핵종으로 화면에 구분 표시됨
낮음,내 데이터에만 있음,267Mt,109,158,267,커버리지,미관측 표시,,,LiveChart 바닥상태에 없음 — 미관측(이론 예측) 핵종으로 화면에 구분 표시됨
낮음,내 데이터에만 있음,269Mt,109,160,269,커버리지,미관측 표시,,,LiveChart 바닥상태에 없음 — 미관측(이론 예측) 핵종으로 화면에 구분 표시됨
낮음,내 데이터에만 있음,271Mt,109,162,271,커버리지,미관측 표시,,,LiveChart 바닥상태에 없음 — 미관측(이론 예측) 핵종으로 화면에 구분 표시됨
낮음,내 데이터에만 있음,272Mt,109,163,272,커버리지,미관측 표시,,,LiveChart 바닥상태에 없음 — 미관측(이론 예측) 핵종으로 화면에 구분 표시됨
낮음,내 데이터에만 있음,273Mt,109,164,273,커버리지,미관측 표시,,,LiveChart 바닥상태에 없음 — 미관측(이론 예측) 핵종으로 화면에 구분 표시됨
낮음,내 데이터에만 있음,279Mt,109,170,279,커버리지,미관측 표시,,,LiveChart 바닥상태에 없음 — 미관측(이론 예측) 핵종으로 화면에 구분 표시됨
낮음,내 데이터에만 있음,280Mt,109,171,280,커버리지,미관측 표시,,,LiveChart 바닥상태에 없음 — 미관측(이론 예측) 핵종으로 화면에 구분 표시됨
낮음,내 데이터에만 있음,281Mt,109,172,281,커버리지,미관측 표시,,,LiveChart 바닥상태에 없음 — 미관측(이론 예측) 핵종으로 화면에 구분 표시됨
낮음,내 데이터에만 있음,268Ds,110,158,268,커버리지,미관측 표시,,,LiveChart 바닥상태에 없음 — 미관측(이론 예측) 핵종으로 화면에 구분 표시됨
낮음,내 데이터에만 있음,272Ds,110,162,272,커버리지,미관측 표시,,,LiveChart 바닥상태에 없음 — 미관측(이론 예측) 핵종으로 화면에 구분 표시됨
낮음,내 데이터에만 있음,274Ds,110,164,274,커버리지,미관측 표시,,,LiveChart 바닥상태에 없음 — 미관측(이론 예측) 핵종으로 화면에 구분 표시됨
낮음,내 데이터에만 있음,275Ds,110,165,275,커버리지,미관측 표시,,,LiveChart 바닥상태에 없음 — 미관측(이론 예측) 핵종으로 화면에 구분 표시됨
낮음,내 데이터에만 있음,276Ds,110,166,276,커버리지,미관측 표시,,,LiveChart 바닥상태에 없음 — 미관측(이론 예측) 핵종으로 화면에 구분 표시됨
낮음,내 데이터에만 있음,278Ds,110,168,278,커버리지,미관측 표시,,,LiveChart 바닥상태에 없음 — 미관측(이론 예측) 핵종으로 화면에 구분 표시됨
낮음,내 데이터에만 있음,283Ds,110,173,283,커버리지,미관측 표시,,,LiveChart 바닥상태에 없음 — 미관측(이론 예측) 핵종으로 화면에 구분 표시됨
낮음,내 데이터에만 있음,284Ds,110,174,284,커버리지,미관측 표시,,,LiveChart 바닥상태에 없음 — 미관측(이론 예측) 핵종으로 화면에 구분 표시됨
낮음,내 데이터에만 있음,273Rg,111,162,273,커버리지,미관측 표시,,,LiveChart 바닥상태에 없음 — 미관측(이론 예측) 핵종으로 화면에 구분 표시됨
낮음,내 데이터에만 있음,275Rg,111,164,275,커버리지,미관측 표시,,,LiveChart 바닥상태에 없음 — 미관측(이론 예측) 핵종으로 화면에 구분 표시됨
낮음,내 데이터에만 있음,276Rg,111,165,276,커버리지,미관측 표시,,,LiveChart 바닥상태에 없음 — 미관측(이론 예측) 핵종으로 화면에 구분 표시됨
낮음,내 데이터에만 있음,277Rg,111,166,277,커버리지,미관측 표시,,,LiveChart 바닥상태에 없음 — 미관측(이론 예측) 핵종으로 화면에 구분 표시됨
낮음,내 데이터에만 있음,283Rg,111,172,283,커버리지,미관측 표시,,,LiveChart 바닥상태에 없음 — 미관측(이론 예측) 핵종으로 화면에 구분 표시됨
낮음,내 데이터에만 있음,284Rg,111,173,284,커버리지,미관측 표시,,,LiveChart 바닥상태에 없음 — 미관측(이론 예측) 핵종으로 화면에 구분 표시됨
낮음,내 데이터에만 있음,285Rg,111,174,285,커버리지,미관측 표시,,,LiveChart 바닥상태에 없음 — 미관측(이론 예측) 핵종으로 화면에 구분 표시됨
낮음,내 데이터에만 있음,276Cn,112,164,276,커버리지,미관측 표시,,,LiveChart 바닥상태에 없음 — 미관측(이론 예측) 핵종으로 화면에 구분 표시됨
낮음,내 데이터에만 있음,278Cn,112,166,278,커버리지,미관측 표시,,,LiveChart 바닥상태에 없음 — 미관측(이론 예측) 핵종으로 화면에 구분 표시됨
낮음,내 데이터에만 있음,279Cn,112,167,279,커버리지,미관측 표시,,,LiveChart 바닥상태에 없음 — 미관측(이론 예측) 핵종으로 화면에 구분 표시됨
낮음,내 데이터에만 있음,280Cn,112,168,280,커버리지,미관측 표시,,,LiveChart 바닥상태에 없음 — 미관측(이론 예측) 핵종으로 화면에 구분 표시됨
낮음,내 데이터에만 있음,287Cn,112,175,287,커버리지,미관측 표시,,,LiveChart 바닥상태에 없음 — 미관측(이론 예측) 핵종으로 화면에 구분 표시됨
낮음,내 데이터에만 있음,288Cn,112,176,288,커버리지,미관측 표시,,,LiveChart 바닥상태에 없음 — 미관측(이론 예측) 핵종으로 화면에 구분 표시됨
낮음,내 데이터에만 있음,279Nh,113,166,279,커버리지,미관측 표시,,,LiveChart 바닥상태에 없음 — 미관측(이론 예측) 핵종으로 화면에 구분 표시됨
낮음,내 데이터에만 있음,280Nh,113,167,280,커버리지,미관측 표시,,,LiveChart 바닥상태에 없음 — 미관측(이론 예측) 핵종으로 화면에 구분 표시됨
낮음,내 데이터에만 있음,281Nh,113,168,281,커버리지,미관측 표시,,,LiveChart 바닥상태에 없음 — 미관측(이론 예측) 핵종으로 화면에 구분 표시됨
낮음,내 데이터에만 있음,287Nh,113,174,287,커버리지,미관측 표시,,,LiveChart 바닥상태에 없음 — 미관측(이론 예측) 핵종으로 화면에 구분 표시됨
낮음,내 데이터에만 있음,288Nh,113,175,288,커버리지,미관측 표시,,,LiveChart 바닥상태에 없음 — 미관측(이론 예측) 핵종으로 화면에 구분 표시됨
낮음,내 데이터에만 있음,289Nh,113,176,289,커버리지,미관측 표시,,,LiveChart 바닥상태에 없음 — 미관측(이론 예측) 핵종으로 화면에 구분 표시됨
낮음,내 데이터에만 있음,291Fl,114,177,291,커버리지,미관측 표시,,,LiveChart 바닥상태에 없음 — 미관측(이론 예측) 핵종으로 화면에 구분 표시됨
낮음,내 데이터에만 있음,291Mc,115,176,291,커버리지,미관측 표시,,,LiveChart 바닥상태에 없음 — 미관측(이론 예측) 핵종으로 화면에 구분 표시됨
낮음,내 데이터에만 있음,292Mc,115,177,292,커버리지,미관측 표시,,,LiveChart 바닥상태에 없음 — 미관측(이론 예측) 핵종으로 화면에 구분 표시됨
낮음,내 데이터에만 있음,289Lv,116,173,289,커버리지,미관측 표시,,,LiveChart 바닥상태에 없음 — 미관측(이론 예측) 핵종으로 화면에 구분 표시됨
낮음,내 데이터에만 있음,291Ts,117,174,291,커버리지,미관측 표시,,,LiveChart 바닥상태에 없음 — 미관측(이론 예측) 핵종으로 화면에 구분 표시됨
낮음,내 데이터에만 있음,292Ts,117,175,292,커버리지,미관측 표시,,,LiveChart 바닥상태에 없음 — 미관측(이론 예측) 핵종으로 화면에 구분 표시됨
낮음,바닥·이성질체 배정 차이,70Co,27,43,70,상태 배정,바닥 508 ± 7 ms / Co-70m 112 ± 7 ms,112 ms ±7,,LiveChart 바닥상태 = 내 Co-70m (반감기 일치). NUBASE '&' = ENSDF와 순서 반대로 표시된 핵종. 반감기·붕괴·J^π는 Co-70m와 비교함
낮음,바닥·이성질체 배정 차이,100Y,39,61,100,상태 배정,바닥 940 ± 30 ms / Y-100m 727 ± 6 ms,732 ms ±5,,LiveChart 바닥상태 = 내 Y-100m (반감기 일치). NUBASE '&' = ENSDF와 순서 반대로 표시된 핵종. 반감기·붕괴·J^π는 Y-100m와 비교함
낮음,바닥·이성질체 배정 차이,104Nb,41,63,104,상태 배정,바닥 0.98 ± 0.05 s / Nb-104m 4.9 ± 0.3 s,4.9 s ±0.3,,LiveChart 바닥상태 = 내 Nb-104m (반감기 일치). NUBASE '*' = 바닥·이성질체 순서 불확실로 표시된 핵종. 반감기·붕괴·J^π는 Nb-104m와 비교함
낮음,바닥·이성질체 배정 차이,119Ag,47,72,119,상태 배정,바닥 6.0 ± 0.5 s / Ag-119m 2.1 ± 0.1 s,2.1 s ±0.1,,LiveChart 바닥상태 = 내 Ag-119m (반감기 일치). NUBASE '&' = ENSDF와 순서 반대로 표시된 핵종. 반감기·붕괴·J^π는 Ag-119m와 비교함
낮음,바닥·이성질체 배정 차이,124La,57,67,124,상태 배정,바닥 29.21 ± 0.17 s / La-124m 21 ± 4 s,21 s ±4,,LiveChart 바닥상태 = 내 La-124m (반감기 일치). NUBASE '&' = ENSDF와 순서 반대로 표시된 핵종. 반감기·붕괴·J^π는 La-124m와 비교함
낮음,바닥·이성질체 배정 차이,146La,57,89,146,상태 배정,바닥 9.9 ± 0.1 s / La-146m 6.08 ± 0.22 s,6.1 s ±0.3,,LiveChart 바닥상태 = 내 La-146m (반감기 일치). NUBASE '&' = ENSDF와 순서 반대로 표시된 핵종. 반감기·붕괴·J^π는 La-146m와 비교함
낮음,바닥·이성질체 배정 차이,134Pm,61,73,134,상태 배정,바닥 22 ± 1 s / Pm-134m ~5 s,~5 s,,LiveChart 바닥상태 = 내 Pm-134m (반감기 일치). NUBASE '&' = ENSDF와 순서 반대로 표시된 핵종. 반감기·붕괴·J^π는 Pm-134m와 비교함
낮음,바닥·이성질체 배정 차이,137Pm,61,76,137,상태 배정,바닥 2# min / Pm-137m 2.4 ± 0.1 min,2.4 m ±0.1,,LiveChart 바닥상태 = 내 Pm-137m (반감기 일치). NUBASE '&' = ENSDF와 순서 반대로 표시된 핵종. 반감기·붕괴·J^π는 Pm-137m와 비교함
낮음,바닥·이성질체 배정 차이,138Eu,63,75,138,상태 배정,바닥 5# s / Eu-138m 12.1 ± 0.6 s,12.1 s ±0.6,,LiveChart 바닥상태 = 내 Eu-138m (반감기 일치). NUBASE '&' = ENSDF와 순서 반대로 표시된 핵종. 반감기·붕괴·J^π는 Eu-138m와 비교함
낮음,바닥·이성질체 배정 차이,154Tb,65,89,154,상태 배정,바닥 9.994 ± 0.039 h / Tb-154m 21.5 ± 0.4 h,21.5 h ±0.4,,LiveChart 바닥상태 = 내 Tb-154m (반감기 일치). NUBASE '&' = ENSDF와 순서 반대로 표시된 핵종. 반감기·붕괴·J^π는 Tb-154m와 비교함
낮음,바닥·이성질체 배정 차이,150Tm,69,81,150,상태 배정,바닥 3# s / Tm-150m 2.20 ± 0.06 s,2.20 s ±0.06,,LiveChart 바닥상태 = 내 Tm-150m (반감기 일치). NUBASE '&' = ENSDF와 순서 반대로 표시된 핵종. 반감기·붕괴·J^π는 Tm-150m와 비교함
낮음,바닥·이성질체 배정 차이,160Ta,73,87,160,상태 배정,바닥 1.70 ± 0.20 s / Ta-160m 1.55 ± 0.04 s,1.55 s ±0.04,,LiveChart 바닥상태 = 내 Ta-160m (반감기 일치). NUBASE '&' = ENSDF와 순서 반대로 표시된 핵종. 반감기·붕괴·J^π는 Ta-160m와 비교함
낮음,바닥·이성질체 배정 차이,172Re,75,97,172,상태 배정,바닥 55 ± 5 s / Re-172m 15 ± 3 s,15 s ±3,,LiveChart 바닥상태 = 내 Re-172m (반감기 일치). NUBASE '*' = 바닥·이성질체 순서 불확실로 표시된 핵종. 반감기·붕괴·J^π는 Re-172m와 비교함
낮음,바닥·이성질체 배정 차이,184Bi,83,101,184,상태 배정,바닥 6.6 ± 1.5 ms / Bi-184m 13 ± 2 ms,13 ms ±2,,LiveChart 바닥상태 = 내 Bi-184m (반감기 일치). NUBASE '&' = ENSDF와 순서 반대로 표시된 핵종. 반감기·붕괴·J^π는 Bi-184m와 비교함
낮음,바닥·이성질체 배정 차이,185Bi,83,102,185,상태 배정,바닥 2# ms / Bi-185m 58 ± 4 μs,58 us ±4,,LiveChart 바닥상태 = 내 Bi-185m (반감기 일치). NUBASE '&' = ENSDF와 순서 반대로 표시된 핵종. 반감기·붕괴·J^π는 Bi-185m와 비교함
낮음,바닥·이성질체 배정 차이,192At,85,107,192,상태 배정,바닥 11.5 ± 0.6 ms / At-192m 88 ± 6 ms,88 ms ±6,,LiveChart 바닥상태 = 내 At-192m (반감기 일치). NUBASE '&' = ENSDF와 순서 반대로 표시된 핵종. 반감기·붕괴·J^π는 At-192m와 비교함
낮음,바닥·이성질체 배정 차이,256Es,99,157,256,상태 배정,바닥 7.6 h / Es-256m 25.4 ± 1.2 min,25.4 m ±2.4,,LiveChart 바닥상태 = 내 Es-256m (반감기 일치). NUBASE '&' = ENSDF와 순서 반대로 표시된 핵종. 반감기·붕괴·J^π는 Es-256m와 비교함
낮음,바닥·이성질체 배정 차이,245Md,101,144,245,상태 배정,바닥 0.38 ± 0.10 s / Md-245m 0.90 ± 0.25 ms,0.90 ms ±0.25,,LiveChart 바닥상태 = 내 Md-245m (반감기 일치). NUBASE '&' = ENSDF와 순서 반대로 표시된 핵종. 반감기·붕괴·J^π는 Md-245m와 비교함
낮음,바닥·이성질체 배정 차이,261Rf,104,157,261,상태 배정,바닥 2.1 ± 0.2 s / Rf-261m 74 ± 5 s,68 s ±3,,LiveChart 바닥상태 = 내 Rf-261m (반감기 일치). NUBASE '&' = ENSDF와 순서 반대로 표시된 핵종. 반감기·붕괴·J^π는 Rf-261m와 비교함
낮음,바닥·이성질체 배정 차이,258Db,105,153,258,상태 배정,바닥 2.17 ± 0.36 s / Db-258m 4.41 ± 0.21 s,4.3 s ±0.5,,LiveChart 바닥상태 = 내 Db-258m (반감기 일치). NUBASE '&' = ENSDF와 순서 반대로 표시된 핵종. 반감기·붕괴·J^π는 Db-258m와 비교함
낮음,바닥·이성질체 배정 차이,271Ds,110,161,271,상태 배정,바닥 144 ± 53 ms / Ds-271m 1.7 ± 0.4 ms,1.6 ms ±0.35,,LiveChart 바닥상태 = 내 Ds-271m (반감기 일치). NUBASE '&' = ENSDF와 순서 반대로 표시된 핵종. 반감기·붕괴·J^π는 Ds-271m와 비교함
낮음,반감기 미세 차이,1n,0,1,1,반감기,609.8 ± 0.6 s (≈10.163 m),613.9 s ±0.6,-0.668%,반올림·평가 버전 차이 수준 — 데이터 버전 표시 확인
낮음,반감기 미세 차이,5Li,3,2,5,반감기,370 ± 30 ys,1.23 MeV (폭 → 370.92 ys),-0.249%,반올림·평가 버전 차이 수준 — 데이터 버전 표시 확인
낮음,반감기 미세 차이,15Ne,10,5,15,반감기,770 ± 300 ys,0.59 MeV (폭 → 773.28 ys),-0.425%,반올림·평가 버전 차이 수준 — 데이터 버전 표시 확인
낮음,반감기 미세 차이,29P,15,14,29,반감기,4.102 ± 0.004 s,4.142 s ±0.015,-0.966%,반올림·평가 버전 차이 수준 — 데이터 버전 표시 확인
낮음,반감기 미세 차이,34Ar,18,16,34,반감기,846.46 ± 0.35 ms,843.8 ms ±0.4,+0.315%,반올림·평가 버전 차이 수준 — 데이터 버전 표시 확인
낮음,반감기 미세 차이,51Mn,25,26,51,반감기,45.81 ± 0.21 min,46.2 m ±0.1,-0.844%,반올림·평가 버전 차이 수준 — 데이터 버전 표시 확인
낮음,반감기 미세 차이,72Ga,31,41,72,반감기,14.025 ± 0.010 h,14.10 h ±0.02,-0.532%,반올림·평가 버전 차이 수준 — 데이터 버전 표시 확인
낮음,반감기 미세 차이,125Sb,51,74,125,반감기,2.7576 ± 0.0011 y,2.75856 Y ±0.00025,-0.0348%,반올림·평가 버전 차이 수준 — 데이터 버전 표시 확인
낮음,반감기 미세 차이,121Te,52,69,121,반감기,19.31 ± 0.07 d,19.17 d ±0.04,+0.73%,반올림·평가 버전 차이 수준 — 데이터 버전 표시 확인
낮음,반감기 미세 차이,161Tb,65,96,161,반감기,6.948 ± 0.005 d,6.89 d ±0.02,+0.842%,반올림·평가 버전 차이 수준 — 데이터 버전 표시 확인
낮음,반감기 미세 차이,194Ir,77,117,194,반감기,19.35 ± 0.07 h,19.18 h ±0.03,+0.886%,반올림·평가 버전 차이 수준 — 데이터 버전 표시 확인
낮음,반감기 미세 차이,196Au,79,117,196,반감기,6.165 ± 0.011 d,6.1669 d ±0.0006,-0.0308%,반올림·평가 버전 차이 수준 — 데이터 버전 표시 확인
낮음,반감기 미세 차이,198Au,79,119,198,반감기,2.69464 ± 0.00014 d,2.6941 d ±0.0002,+0.02%,반올림·평가 버전 차이 수준 — 데이터 버전 표시 확인
낮음,반감기 미세 차이,214Bi,83,131,214,반감기,19.9 ± 0.4 min,19.71 m ±0.02,+0.964%,반올림·평가 버전 차이 수준 — 데이터 버전 표시 확인
낮음,반감기 미세 차이,222Rn,86,136,222,반감기,3.8215 ± 0.0002 d,3.8235 d ±0.0003,-0.0523%,반올림·평가 버전 차이 수준 — 데이터 버전 표시 확인
낮음,참조 상위 3개에 없는 모드,11Be,4,7,11,붕괴 방식,B-N,"B- 100%, B-A 3.1%, B-P 0.00083%",,LiveChart는 상위 3개 모드만 제공 — 4번째 이후 모드인지 NuDat로 확인 · 세기 미상(?) — NUBASE는 예상·가능 모드를 '?'로 적음
낮음,참조 상위 3개에 없는 모드,14Be,4,10,14,붕괴 방식,B-T 0.02%,"B- 100%, B-N 81%, B-2N 5%",,LiveChart는 상위 3개 모드만 제공 — 4번째 이후 모드인지 NuDat로 확인
낮음,참조 상위 3개에 없는 모드,14Be,4,10,14,붕괴 방식,B-A <0.004%,"B- 100%, B-N 81%, B-2N 5%",,LiveChart는 상위 3개 모드만 제공 — 4번째 이후 모드인지 NuDat로 확인
낮음,참조 상위 3개에 없는 모드,17B,5,12,17,붕괴 방식,B-3N 3.5%,"B- 100%, B-N 63%, B-2N 11%",,LiveChart는 상위 3개 모드만 제공 — 4번째 이후 모드인지 NuDat로 확인
낮음,참조 상위 3개에 없는 모드,17B,5,12,17,붕괴 방식,B-4N 0.4%,"B- 100%, B-N 63%, B-2N 11%",,LiveChart는 상위 3개 모드만 제공 — 4번째 이후 모드인지 NuDat로 확인
낮음,참조 상위 3개에 없는 모드,19B,5,14,19,붕괴 방식,B-3N <9.1%,"B- 100%, B-N 71.8%, B-2N 16%",,LiveChart는 상위 3개 모드만 제공 — 4번째 이후 모드인지 NuDat로 확인
낮음,참조 상위 3개에 없는 모드,18N,7,11,18,붕괴 방식,B-2N,"B- 100%, B-A 12.2%, B-N 12%",,LiveChart는 상위 3개 모드만 제공 — 4번째 이후 모드인지 NuDat로 확인 · 세기 미상(?) — NUBASE는 예상·가능 모드를 '?'로 적음
낮음,참조 상위 3개에 없는 모드,23N,7,16,23,붕괴 방식,B-3N <3.4%,"B- 100%, B-N 42%, B-2N 8%",,LiveChart는 상위 3개 모드만 제공 — 4번째 이후 모드인지 NuDat로 확인
낮음,참조 상위 3개에 없는 모드,31F,9,22,31,붕괴 방식,B-N,"B- 100%, B-7N, B-6N",,[참조: 단건 API 최신값] LiveChart는 상위 3개 모드만 제공 — 4번째 이후 모드인지 NuDat로 확인 · 세기 미상(?) — NUBASE는 예상·가능 모드를 '?'로 적음
낮음,참조 상위 3개에 없는 모드,31F,9,22,31,붕괴 방식,B-2N,"B- 100%, B-7N, B-6N",,[참조: 단건 API 최신값] LiveChart는 상위 3개 모드만 제공 — 4번째 이후 모드인지 NuDat로 확인 · 세기 미상(?) — NUBASE는 예상·가능 모드를 '?'로 적음
낮음,참조 상위 3개에 없는 모드,17Ne,10,7,17,붕괴 방식,B+PA 0.014%,"EC+B+ 100%, ECP 95.2%, ECA 2.77%",,LiveChart는 상위 3개 모드만 제공 — 4번째 이후 모드인지 NuDat로 확인
낮음,참조 상위 3개에 없는 모드,31Ne,10,21,31,붕괴 방식,B-N,"B- 100%, B-4N, B-3N",,[참조: 단건 API 최신값] LiveChart는 상위 3개 모드만 제공 — 4번째 이후 모드인지 NuDat로 확인 · 세기 미상(?) — NUBASE는 예상·가능 모드를 '?'로 적음
낮음,참조 상위 3개에 없는 모드,31Ne,10,21,31,붕괴 방식,B-2N,"B- 100%, B-4N, B-3N",,[참조: 단건 API 최신값] LiveChart는 상위 3개 모드만 제공 — 4번째 이후 모드인지 NuDat로 확인 · 세기 미상(?) — NUBASE는 예상·가능 모드를 '?'로 적음
낮음,참조 상위 3개에 없는 모드,30Na,11,19,30,붕괴 방식,B-A 5.5e-05%,"B- 100%, B-N 30%, B-2N 1.15%",,LiveChart는 상위 3개 모드만 제공 — 4번째 이후 모드인지 NuDat로 확인
낮음,참조 상위 3개에 없는 모드,31Na,11,20,31,붕괴 방식,B-3N <0.05%,"B- 100%, B-N 39%, B-2N 0.7%",,LiveChart는 상위 3개 모드만 제공 — 4번째 이후 모드인지 NuDat로 확인
낮음,참조 상위 3개에 없는 모드,35Na,11,24,35,붕괴 방식,B-2N,"B- 100%, B-N, B-4N",,[참조: 단건 API 최신값] LiveChart는 상위 3개 모드만 제공 — 4번째 이후 모드인지 NuDat로 확인 · 세기 미상(?) — NUBASE는 예상·가능 모드를 '?'로 적음
낮음,참조 상위 3개에 없는 모드,21Mg,12,9,21,붕괴 방식,B+PA 0.016%,"EC+B+ 100%, B+P 32.6%, B+A 0.5%",,LiveChart는 상위 3개 모드만 제공 — 4번째 이후 모드인지 NuDat로 확인
낮음,참조 상위 3개에 없는 모드,37Mg,12,25,37,붕괴 방식,B-2N,"B-N, N, B-",,[참조: 단건 API 최신값] LiveChart는 상위 3개 모드만 제공 — 4번째 이후 모드인지 NuDat로 확인 · 세기 미상(?) — NUBASE는 예상·가능 모드를 '?'로 적음
낮음,참조 상위 3개에 없는 모드,40Mg,12,28,40,붕괴 방식,B-N,"B- 100%, B-7N, B-6N",,LiveChart는 상위 3개 모드만 제공 — 4번째 이후 모드인지 NuDat로 확인 · 세기 미상(?) — NUBASE는 예상·가능 모드를 '?'로 적음
낮음,참조 상위 3개에 없는 모드,40Mg,12,28,40,붕괴 방식,B-2N,"B- 100%, B-7N, B-6N",,LiveChart는 상위 3개 모드만 제공 — 4번째 이후 모드인지 NuDat로 확인 · 세기 미상(?) — NUBASE는 예상·가능 모드를 '?'로 적음
낮음,참조 상위 3개에 없는 모드,22Al,13,9,22,붕괴 방식,EC/B+ α 0.038%,"EC+B+ 100%, B+P 55%, B+2P 1.1%",,LiveChart는 상위 3개 모드만 제공 — 4번째 이후 모드인지 NuDat로 확인
낮음,참조 상위 3개에 없는 모드,31Ar,18,13,31,붕괴 방식,B+PA <0.38%,"EC+B+ 100%, B+P 68.3%, B+2P 8.9%",,LiveChart는 상위 3개 모드만 제공 — 4번째 이후 모드인지 NuDat로 확인
낮음,참조 상위 3개에 없는 모드,31Ar,18,13,31,붕괴 방식,B+3P 0.07%,"EC+B+ 100%, B+P 68.3%, B+2P 8.9%",,LiveChart는 상위 3개 모드만 제공 — 4번째 이후 모드인지 NuDat로 확인
낮음,참조 상위 3개에 없는 모드,31Ar,18,13,31,붕괴 방식,EC/B+ α <0.03%,"EC+B+ 100%, B+P 68.3%, B+2P 8.9%",,LiveChart는 상위 3개 모드만 제공 — 4번째 이후 모드인지 NuDat로 확인
낮음,참조 상위 3개에 없는 모드,31Ar,18,13,31,붕괴 방식,2P <0.0006%,"EC+B+ 100%, B+P 68.3%, B+2P 8.9%",,LiveChart는 상위 3개 모드만 제공 — 4번째 이후 모드인지 NuDat로 확인
낮음,참조 상위 3개에 없는 모드,55K,19,36,55,붕괴 방식,B-N,"B- 100%, B-4N, B-3N",,[참조: 단건 API 최신값] LiveChart는 상위 3개 모드만 제공 — 4번째 이후 모드인지 NuDat로 확인 · 세기 미상(?) — NUBASE는 예상·가능 모드를 '?'로 적음
낮음,참조 상위 3개에 없는 모드,55K,19,36,55,붕괴 방식,B-2N,"B- 100%, B-4N, B-3N",,[참조: 단건 API 최신값] LiveChart는 상위 3개 모드만 제공 — 4번째 이후 모드인지 NuDat로 확인 · 세기 미상(?) — NUBASE는 예상·가능 모드를 '?'로 적음
낮음,참조 상위 3개에 없는 모드,64V,23,41,64,붕괴 방식,B-N,"B- 100%, B-3N, B-2N",,[참조: 단건 API 최신값] LiveChart는 상위 3개 모드만 제공 — 4번째 이후 모드인지 NuDat로 확인 · 세기 미상(?) — NUBASE는 예상·가능 모드를 '?'로 적음
낮음,참조 상위 3개에 없는 모드,43Cr,24,19,43,붕괴 방식,B+3P 0.13%,"EC+B+ 100%, ECP 79.3%, EC2P 11.6%",,LiveChart는 상위 3개 모드만 제공 — 4번째 이후 모드인지 NuDat로 확인
낮음,참조 상위 3개에 없는 모드,43Cr,24,19,43,붕괴 방식,EC/B+ α,"EC+B+ 100%, ECP 79.3%, EC2P 11.6%",,LiveChart는 상위 3개 모드만 제공 — 4번째 이후 모드인지 NuDat로 확인 · 세기 미상(?) — NUBASE는 예상·가능 모드를 '?'로 적음
낮음,참조 상위 3개에 없는 모드,45Fe,26,19,45,붕괴 방식,EC/B+ 2p 7.8%,"2P 57%, EC+B+ 43%, B+P 43%",,LiveChart는 상위 3개 모드만 제공 — 4번째 이후 모드인지 NuDat로 확인
낮음,참조 상위 3개에 없는 모드,77Co,27,50,77,붕괴 방식,B-3N,"B- 100%, B-N, B-2N",,LiveChart는 상위 3개 모드만 제공 — 4번째 이후 모드인지 NuDat로 확인 · 세기 미상(?) — NUBASE는 예상·가능 모드를 '?'로 적음
낮음,참조 상위 3개에 없는 모드,84Zn,30,54,84,붕괴 방식,B-2N,"B- 100%, B-N 73%, B-3N",,LiveChart는 상위 3개 모드만 제공 — 4번째 이후 모드인지 NuDat로 확인 · 세기 미상(?) — NUBASE는 예상·가능 모드를 '?'로 적음
낮음,참조 상위 3개에 없는 모드,98Br,35,63,98,붕괴 방식,B-N,"B- 100%, B-3N, B-2N",,[참조: 단건 API 최신값] LiveChart는 상위 3개 모드만 제공 — 4번째 이후 모드인지 NuDat로 확인 · 세기 미상(?) — NUBASE는 예상·가능 모드를 '?'로 적음
낮음,참조 상위 3개에 없는 모드,77Zr,40,37,77,붕괴 방식,P,"2P, EC+B+, ECP",,[참조: 단건 API 최신값] LiveChart는 상위 3개 모드만 제공 — 4번째 이후 모드인지 NuDat로 확인 · 세기 미상(?) — NUBASE는 예상·가능 모드를 '?'로 적음
낮음,참조 상위 3개에 없는 모드,116Nb,41,75,116,붕괴 방식,B-2N,"B- 100%, B-N, B-3N",,[참조: 단건 API 최신값] LiveChart는 상위 3개 모드만 제공 — 4번째 이후 모드인지 NuDat로 확인 · 세기 미상(?) — NUBASE는 예상·가능 모드를 '?'로 적음
낮음,참조 상위 3개에 없는 모드,104Sb,51,53,104,붕괴 방식,A,"EC+B+ 100%, ECP 7%, P 1%",,LiveChart는 상위 3개 모드만 제공 — 4번째 이후 모드인지 NuDat로 확인 · 세기 미상(?) — NUBASE는 예상·가능 모드를 '?'로 적음
낮음,참조 상위 3개에 없는 모드,108Te,52,56,108,붕괴 방식,EC/B+ α <0.065%,"EC+B+ 51%, A 49%, B+P 2.4%",,LiveChart는 상위 3개 모드만 제공 — 4번째 이후 모드인지 NuDat로 확인
낮음,참조 상위 3개에 없는 모드,109Te,52,57,109,붕괴 방식,EC/B+ α <0.0049%,"EC+B+ 96.1%, B+P 9.4%, A 3.9%",,LiveChart는 상위 3개 모드만 제공 — 4번째 이후 모드인지 NuDat로 확인
낮음,참조 상위 3개에 없는 모드,108I,53,55,108,붕괴 방식,EC/B+ p,"A 91%, EC+B+ 9%, P 1%",,LiveChart는 상위 3개 모드만 제공 — 4번째 이후 모드인지 NuDat로 확인 · 세기 미상(?) — NUBASE는 예상·가능 모드를 '?'로 적음
낮음,참조 상위 3개에 없는 모드,110I,53,57,110,붕괴 방식,EC/B+ α 1.1%,"EC+B+ 83%, A 17%, ECP 11%",,LiveChart는 상위 3개 모드만 제공 — 4번째 이후 모드인지 NuDat로 확인
낮음,참조 상위 3개에 없는 모드,112I,53,59,112,붕괴 방식,A 0.0012%,"EC+B+ 100%, ECP 0.88%, ECA 0.104%",,LiveChart는 상위 3개 모드만 제공 — 4번째 이후 모드인지 NuDat로 확인
낮음,참조 상위 3개에 없는 모드,113Xe,54,59,113,붕괴 방식,EC/B+ α 0.007%,"EC+B+ 100%, ECP 7%, A 0.011%",,LiveChart는 상위 3개 모드만 제공 — 4번째 이후 모드인지 NuDat로 확인
낮음,참조 상위 3개에 없는 모드,114Cs,55,59,114,붕괴 방식,A 0.018%,"EC+B+ 99.98%, ECP 8.7%, ECA 0.19%",,LiveChart는 상위 3개 모드만 제공 — 4번째 이후 모드인지 NuDat로 확인
낮음,참조 상위 3개에 없는 모드,114Ba,56,58,114,붕괴 방식,클러스터 C <0.0034%,"EC+B+ 99.1%, ECP 20%, A 0.9%",,LiveChart는 상위 3개 모드만 제공 — 4번째 이후 모드인지 NuDat로 확인
낮음,참조 상위 3개에 없는 모드,128Pm,61,67,128,붕괴 방식,P 0%,"EC 100%, A, ECP",,[참조: 단건 API 최신값] LiveChart는 상위 3개 모드만 제공 — 4번째 이후 모드인지 NuDat로 확인
낮음,참조 상위 3개에 없는 모드,168Ir,77,91,168,붕괴 방식,EC/B+ p,"A 100%, P, EC+B+",,[참조: 단건 API 최신값] LiveChart는 상위 3개 모드만 제공 — 4번째 이후 모드인지 NuDat로 확인 · 세기 미상(?) — NUBASE는 예상·가능 모드를 '?'로 적음
낮음,참조 상위 3개에 없는 모드,181Hg,80,101,181,붕괴 방식,EC/B+ α 9e-06%,"EC+B+ 73%, A 27%, ECP 0.013%",,LiveChart는 상위 3개 모드만 제공 — 4번째 이후 모드인지 NuDat로 확인
낮음,참조 상위 3개에 없는 모드,232U,92,140,232,붕괴 방식,클러스터 Mg <5e-12%,"A 100%, 24NE 8.9e-10%, SF 2.7e-12%",,LiveChart는 상위 3개 모드만 제공 — 4번째 이후 모드인지 NuDat로 확인
낮음,참조 상위 3개에 없는 모드,233U,92,141,233,붕괴 방식,클러스터 Mg <1.3e-13%,"A 100%, 24NE 7.2e-11%, SF 6e-11%",,LiveChart는 상위 3개 모드만 제공 — 4번째 이후 모드인지 NuDat로 확인
낮음,참조 상위 3개에 없는 모드,234U,92,142,234,붕괴 방식,클러스터 Ne 9e-12%,"A 100%, SF 1.64e-09%, MG 1.4e-11%",,LiveChart는 상위 3개 모드만 제공 — 4번째 이후 모드인지 NuDat로 확인
낮음,참조 상위 3개에 없는 모드,235U,92,143,235,붕괴 방식,클러스터 Mg 8e-10%,"A 100%, SF 7e-09%, 25NE 8e-10%",,LiveChart는 상위 3개 모드만 제공 — 4번째 이후 모드인지 NuDat로 확인
낮음,참조 상위 3개에 없는 모드,242Cm,96,146,242,붕괴 방식,2EC/2B+,"A 100%, SF 6.2e-06%, 34SI 1e-14%",,LiveChart는 상위 3개 모드만 제공 — 4번째 이후 모드인지 NuDat로 확인 · 세기 미상(?) — NUBASE는 예상·가능 모드를 '?'로 적음
낮음,참조 상위 3개에 없는 모드,254Es,99,155,254,붕괴 방식,EC/B+,"A 100%, B- 0.000174%, SF 3e-06%",,LiveChart는 상위 3개 모드만 제공 — 4번째 이후 모드인지 NuDat로 확인 · 세기 미상(?) — NUBASE는 예상·가능 모드를 '?'로 적음
낮음,참조 상위 3개에 없는 모드,260Md,101,159,260,붕괴 방식,B- <3.5%,"SF 42%, A 25%, EC 23%",,LiveChart는 상위 3개 모드만 제공 — 4번째 이후 모드인지 NuDat로 확인
낮음,참조에 반감기 없음,4H,1,3,4,반감기,139 ± 10 ys,(반감기 없음),,출처 확인 — 추정·이론값이면 화면에 표시 필요
낮음,참조에 반감기 없음,9He,2,7,9,반감기,2.5 ± 2.3 zs,(반감기 없음),,출처 확인 — 추정·이론값이면 화면에 표시 필요
낮음,참조에 반감기 없음,4Li,3,1,4,반감기,91 ± 9 ys,(반감기 없음),,출처 확인 — 추정·이론값이면 화면에 표시 필요
낮음,참조에 반감기 없음,10Li,3,7,10,반감기,2.0 ± 0.5 zs,(반감기 없음),,출처 확인 — 추정·이론값이면 화면에 표시 필요
낮음,참조에 반감기 없음,18B,5,13,18,반감기,< 26 ns,(반감기 없음),,출처 확인 — 추정·이론값이면 화면에 표시 필요
낮음,참조에 반감기 없음,25O,8,17,25,반감기,5.18 ± 0.35 zs,(반감기 없음),,출처 확인 — 추정·이론값이면 화면에 표시 필요
낮음,참조에 반감기 없음,30F,9,21,30,반감기,< 260 ns,(반감기 없음),,출처 확인 — 추정·이론값이면 화면에 표시 필요
낮음,참조에 반감기 없음,31F,9,22,31,반감기,2# ms (> 260 ns),(반감기 없음),,[참조: 단건 API 최신값] 출처 확인 — 추정·이론값이면 화면에 표시 필요
낮음,참조에 반감기 없음,38Mg,12,26,38,반감기,2# ms (> 260 ns),(반감기 없음),,출처 확인 — 추정·이론값이면 화면에 표시 필요
낮음,참조에 반감기 없음,40Mg,12,28,40,반감기,1# ms (> 170 ns),(반감기 없음),,출처 확인 — 추정·이론값이면 화면에 표시 필요
낮음,참조에 반감기 없음,41Al,13,28,41,반감기,6# ms (> 260 ns),(반감기 없음),,출처 확인 — 추정·이론값이면 화면에 표시 필요
낮음,참조에 반감기 없음,46P,15,31,46,반감기,9# ms (> 200 ns),(반감기 없음),,출처 확인 — 추정·이론값이면 화면에 표시 필요
낮음,참조에 반감기 없음,48S,16,32,48,반감기,10# ms (> 200 ns),(반감기 없음),,출처 확인 — 추정·이론값이면 화면에 표시 필요
낮음,참조에 반감기 없음,48Cl,17,31,48,반감기,30# ms (> 200 ns),(반감기 없음),,출처 확인 — 추정·이론값이면 화면에 표시 필요
낮음,참조에 반감기 없음,50Cl,17,33,50,반감기,10# ms (> 620 ns),(반감기 없음),,출처 확인 — 추정·이론값이면 화면에 표시 필요
낮음,참조에 반감기 없음,51Cl,17,34,51,반감기,5# ms (> 200 ns),(반감기 없음),,출처 확인 — 추정·이론값이면 화면에 표시 필요
낮음,참조에 반감기 없음,52Cl,17,35,52,반감기,2# ms (> 400 ns),(반감기 없음),,[참조: 단건 API 최신값] 출처 확인 — 추정·이론값이면 화면에 표시 필요
낮음,참조에 반감기 없음,51Ar,18,33,51,반감기,30# ms (> 200 ns),(반감기 없음),,출처 확인 — 추정·이론값이면 화면에 표시 필요
낮음,참조에 반감기 없음,52Ar,18,34,52,반감기,40# ms (> 620 ns),(반감기 없음),,[참조: 단건 API 최신값] 출처 확인 — 추정·이론값이면 화면에 표시 필요
낮음,참조에 반감기 없음,55K,19,36,55,반감기,10# ms (> 620 ns),(반감기 없음),,[참조: 단건 API 최신값] 출처 확인 — 추정·이론값이면 화면에 표시 필요
낮음,참조에 반감기 없음,56K,19,37,56,반감기,5# ms (> 620 ns),(반감기 없음),,출처 확인 — 추정·이론값이면 화면에 표시 필요
낮음,참조에 반감기 없음,38Sc,21,17,38,반감기,< 300 ns,(반감기 없음),,출처 확인 — 추정·이론값이면 화면에 표시 필요
낮음,참조에 반감기 없음,59Sc,21,38,59,반감기,12# ms (> 620 ns),(반감기 없음),,출처 확인 — 추정·이론값이면 화면에 표시 필요
낮음,참조에 반감기 없음,61Sc,21,40,61,반감기,7# ms (> 620 ns),(반감기 없음),,[참조: 단건 API 최신값] 출처 확인 — 추정·이론값이면 화면에 표시 필요
낮음,참조에 반감기 없음,64Ti,22,42,64,반감기,5# ms (> 620 ns),(반감기 없음),,출처 확인 — 추정·이론값이면 화면에 표시 필요
낮음,참조에 반감기 없음,67Cr,24,43,67,반감기,11# ms (> 300 ns),(반감기 없음),,출처 확인 — 추정·이론값이면 화면에 표시 필요
낮음,참조에 반감기 없음,45Mn,25,20,45,반감기,< 70 ns,(반감기 없음),,출처 확인 — 추정·이론값이면 화면에 표시 필요
낮음,참조에 반감기 없음,73Mn,25,48,73,반감기,12# ms (> 410 ns),(반감기 없음),,출처 확인 — 추정·이론값이면 화면에 표시 필요
낮음,참조에 반감기 없음,76Fe,26,50,76,반감기,3# ms (> 410 ns),(반감기 없음),,[참조: 단건 API 최신값] 출처 확인 — 추정·이론값이면 화면에 표시 필요
낮음,참조에 반감기 없음,78Co,27,51,78,반감기,11# ms (> 410 ns),(반감기 없음),,출처 확인 — 추정·이론값이면 화면에 표시 필요
낮음,참조에 반감기 없음,81Ni,28,53,81,반감기,30# ms (> 410 ns),(반감기 없음),,출처 확인 — 추정·이론값이면 화면에 표시 필요
낮음,참조에 반감기 없음,82Ni,28,54,82,반감기,16# ms (> 410 ns),(반감기 없음),,출처 확인 — 추정·이론값이면 화면에 표시 필요
낮음,참조에 반감기 없음,83Cu,29,54,83,반감기,21# ms (> 410 ns),(반감기 없음),,출처 확인 — 추정·이론값이면 화면에 표시 필요
낮음,참조에 반감기 없음,89Ge,32,57,89,반감기,60# ms (> 300 ns),(반감기 없음),,출처 확인 — 추정·이론값이면 화면에 표시 필요
낮음,참조에 반감기 없음,90Ge,32,58,90,반감기,30# ms (> 400 ns),(반감기 없음),,출처 확인 — 추정·이론값이면 화면에 표시 필요
낮음,참조에 반감기 없음,89As,33,56,89,반감기,220# ms (> 150 ns),(반감기 없음),,출처 확인 — 추정·이론값이면 화면에 표시 필요
낮음,참조에 반감기 없음,90As,33,57,90,반감기,70# ms (> 300 ns),(반감기 없음),,출처 확인 — 추정·이론값이면 화면에 표시 필요
낮음,참조에 반감기 없음,91As,33,58,91,반감기,100# ms (> 300 ns),(반감기 없음),,출처 확인 — 추정·이론값이면 화면에 표시 필요
낮음,참조에 반감기 없음,92As,33,59,92,반감기,45# ms (> 300 ns),(반감기 없음),,출처 확인 — 추정·이론값이면 화면에 표시 필요
낮음,참조에 반감기 없음,64Se,34,30,64,반감기,22.6 ± 0.2 ms,(반감기 없음),,출처 확인 — 추정·이론값이면 화면에 표시 필요
낮음,참조에 반감기 없음,92Se,34,58,92,반감기,90# ms (> 300 ns),(반감기 없음),,출처 확인 — 추정·이론값이면 화면에 표시 필요
낮음,참조에 반감기 없음,93Se,34,59,93,반감기,130# ms (> 300 ns),(반감기 없음),,출처 확인 — 추정·이론값이면 화면에 표시 필요
낮음,참조에 반감기 없음,97Br,35,62,97,반감기,40# ms (> 300 ns),(반감기 없음),,출처 확인 — 추정·이론값이면 화면에 표시 필요
낮음,참조에 반감기 없음,98Br,35,63,98,반감기,15# ms (> 400 ns),(반감기 없음),,[참조: 단건 API 최신값] 출처 확인 — 추정·이론값이면 화면에 표시 필요
낮음,참조에 반감기 없음,104Rb,37,67,104,반감기,35# ms (> 550 ns),(반감기 없음),,출처 확인 — 추정·이론값이면 화면에 표시 필요
낮음,참조에 반감기 없음,77Zr,40,37,77,반감기,100# μs,(반감기 없음),,[참조: 단건 API 최신값] 출처 확인 — 추정·이론값이면 화면에 표시 필요
낮음,참조에 반감기 없음,113Zr,40,73,113,반감기,15# ms (> 550 ns),(반감기 없음),,출처 확인 — 추정·이론값이면 화면에 표시 필요
낮음,참조에 반감기 없음,116Nb,41,75,116,반감기,12# ms (> 550 ns),(반감기 없음),,[참조: 단건 API 최신값] 출처 확인 — 추정·이론값이면 화면에 표시 필요
낮음,참조에 반감기 없음,82Mo,42,40,82,반감기,30# ms (> 400 ns),?,,출처 확인 — 추정·이론값이면 화면에 표시 필요
낮음,참조에 반감기 없음,119Mo,42,77,119,반감기,12# ms (> 550 ns),(반감기 없음),,출처 확인 — 추정·이론값이면 화면에 표시 필요
낮음,참조에 반감기 없음,122Tc,43,79,122,반감기,13# ms (> 550 ns),(반감기 없음),,출처 확인 — 추정·이론값이면 화면에 표시 필요
낮음,참조에 반감기 없음,87Ru,44,43,87,반감기,50# ms (> 1.5 μs),(반감기 없음),,출처 확인 — 추정·이론값이면 화면에 표시 필요
낮음,참조에 반감기 없음,125Ru,44,81,125,반감기,12# ms (> 550 ns),(반감기 없음),,출처 확인 — 추정·이론값이면 화면에 표시 필요
낮음,참조에 반감기 없음,128Rh,45,83,128,반감기,8# ms (> 550 ns),(반감기 없음),,출처 확인 — 추정·이론값이면 화면에 표시 필요
낮음,참조에 반감기 없음,90Pd,46,44,90,반감기,10# ms (> 400 ns),(반감기 없음),,출처 확인 — 추정·이론값이면 화면에 표시 필요
낮음,참조에 반감기 없음,91Pd,46,45,91,반감기,32 ± 3 ms,(반감기 없음),,출처 확인 — 추정·이론값이면 화면에 표시 필요
낮음,참조에 반감기 없음,130Pd,46,84,130,반감기,27# ms (> 550 ns),(반감기 없음),,출처 확인 — 추정·이론값이면 화면에 표시 필요
낮음,참조에 반감기 없음,131Pd,46,85,131,반감기,20# ms (> 550 ns),(반감기 없음),,출처 확인 — 추정·이론값이면 화면에 표시 필요
낮음,참조에 반감기 없음,92Ag,47,45,92,반감기,1# ms (> 400 ns),(반감기 없음),,출처 확인 — 추정·이론값이면 화면에 표시 필요
낮음,참조에 반감기 없음,96In,49,47,96,반감기,1# ms (> 400 ns),(반감기 없음),,[참조: 단건 API 최신값] 출처 확인 — 추정·이론값이면 화면에 표시 필요
낮음,참조에 반감기 없음,140Sn,50,90,140,반감기,50# ms (> 550 ns),(반감기 없음),,출처 확인 — 추정·이론값이면 화면에 표시 필요
낮음,참조에 반감기 없음,142Te,52,90,142,반감기,147 ± 8 ms,(반감기 없음),,출처 확인 — 추정·이론값이면 화면에 표시 필요
낮음,참조에 반감기 없음,144Te,52,92,144,반감기,93 ± 60 ms,(반감기 없음),,출처 확인 — 추정·이론값이면 화면에 표시 필요
낮음,참조에 반감기 없음,145Te,52,93,145,반감기,75# ms (> 550 ns),(반감기 없음),,출처 확인 — 추정·이론값이면 화면에 표시 필요
낮음,참조에 반감기 없음,147I,53,94,147,반감기,60# ms (> 550 ns),(반감기 없음),,출처 확인 — 추정·이론값이면 화면에 표시 필요
낮음,참조에 반감기 없음,149Xe,54,95,149,반감기,50# ms (> 550 ns),(반감기 없음),,출처 확인 — 추정·이론값이면 화면에 표시 필요
낮음,참조에 반감기 없음,150Xe,54,96,150,반감기,40# ms (> 550 ns),(반감기 없음),,출처 확인 — 추정·이론값이면 화면에 표시 필요
낮음,참조에 반감기 없음,157La,57,100,157,반감기,30# ms (> 550 ns),(반감기 없음),,출처 확인 — 추정·이론값이면 화면에 표시 필요
낮음,참조에 반감기 없음,122Ce,58,64,122,반감기,2# s,(반감기 없음),,출처 확인 — 추정·이론값이면 화면에 표시 필요
낮음,참조에 반감기 없음,161Pr,59,102,161,반감기,90# ms (> 550 ns),(반감기 없음),,출처 확인 — 추정·이론값이면 화면에 표시 필요
낮음,참조에 반감기 없음,126Nd,60,66,126,반감기,1# s (> 200 ns),(반감기 없음),,출처 확인 — 추정·이론값이면 화면에 표시 필요
낮음,참조에 반감기 없음,163Nd,60,103,163,반감기,80# ms (> 550 ns),(반감기 없음),,출처 확인 — 추정·이론값이면 화면에 표시 필요
낮음,참조에 반감기 없음,164Pm,61,103,164,반감기,300# ms (> 550 ns),(반감기 없음),,출처 확인 — 추정·이론값이면 화면에 표시 필요
낮음,참조에 반감기 없음,165Pm,61,104,165,반감기,260# ms (> 550 ns),(반감기 없음),,출처 확인 — 추정·이론값이면 화면에 표시 필요
낮음,참조에 반감기 없음,130Sm,62,68,130,반감기,1# s,(반감기 없음),,출처 확인 — 추정·이론값이면 화면에 표시 필요
낮음,참조에 반감기 없음,167Sm,62,105,167,반감기,190# ms (> 550 ns),(반감기 없음),,출처 확인 — 추정·이론값이면 화면에 표시 필요
낮음,참조에 반감기 없음,168Sm,62,106,168,반감기,340# ms (> 550 ns),(반감기 없음),,출처 확인 — 추정·이론값이면 화면에 표시 필요
낮음,참조에 반감기 없음,132Eu,63,69,132,반감기,100# ms,(반감기 없음),,출처 확인 — 추정·이론값이면 화면에 표시 필요
낮음,참조에 반감기 없음,169Eu,63,106,169,반감기,420# ms (> 550 ns),(반감기 없음),,출처 확인 — 추정·이론값이면 화면에 표시 필요
낮음,참조에 반감기 없음,134Gd,64,70,134,반감기,400# ms,(반감기 없음),,출처 확인 — 추정·이론값이면 화면에 표시 필요
낮음,참조에 반감기 없음,171Gd,64,107,171,반감기,300# ms (> 550 ns),(반감기 없음),,출처 확인 — 추정·이론값이면 화면에 표시 필요
낮음,참조에 반감기 없음,172Gd,64,108,172,반감기,160# ms (> 550 ns),(반감기 없음),,출처 확인 — 추정·이론값이면 화면에 표시 필요
낮음,참조에 반감기 없음,145Tb,65,80,145,반감기,30.9 ± 0.6 s,(반감기 없음),,출처 확인 — 추정·이론값이면 화면에 표시 필요
낮음,참조에 반감기 없음,173Tb,65,108,173,반감기,400# ms (> 550 ns),(반감기 없음),,출처 확인 — 추정·이론값이면 화면에 표시 필요
낮음,참조에 반감기 없음,174Tb,65,109,174,반감기,240# ms (> 550 ns),(반감기 없음),,출처 확인 — 추정·이론값이면 화면에 표시 필요
낮음,참조에 반감기 없음,140Dy,66,74,140,반감기,700# ms,(반감기 없음),,출처 확인 — 추정·이론값이면 화면에 표시 필요
낮음,참조에 반감기 없음,175Dy,66,109,175,반감기,390# ms (> 550 ns),(반감기 없음),,출처 확인 — 추정·이론값이면 화면에 표시 필요
낮음,참조에 반감기 없음,176Dy,66,110,176,반감기,440# ms (> 550 ns),(반감기 없음),,출처 확인 — 추정·이론값이면 화면에 표시 필요
낮음,참조에 반감기 없음,143Ho,67,76,143,반감기,300# ms (> 200 ns),(반감기 없음),,출처 확인 — 추정·이론값이면 화면에 표시 필요
낮음,참조에 반감기 없음,177Ho,67,110,177,반감기,1# s (> 550 ns),(반감기 없음),,출처 확인 — 추정·이론값이면 화면에 표시 필요
낮음,참조에 반감기 없음,178Ho,67,111,178,반감기,750# ms (> 550 ns),(반감기 없음),,출처 확인 — 추정·이론값이면 화면에 표시 필요
낮음,참조에 반감기 없음,143Er,68,75,143,반감기,200# ms,(반감기 없음),,출처 확인 — 추정·이론값이면 화면에 표시 필요
낮음,참조에 반감기 없음,145Er,68,77,145,반감기,900 ± 200 ms,(반감기 없음),,출처 확인 — 추정·이론값이면 화면에 표시 필요
낮음,참조에 반감기 없음,177Er,68,109,177,반감기,8# s (> 300 ns),(반감기 없음),,출처 확인 — 추정·이론값이면 화면에 표시 필요
낮음,참조에 반감기 없음,179Er,68,111,179,반감기,3# s (> 550 ns),(반감기 없음),,출처 확인 — 추정·이론값이면 화면에 표시 필요
낮음,참조에 반감기 없음,180Er,68,112,180,반감기,2# s (> 550 ns),(반감기 없음),,출처 확인 — 추정·이론값이면 화면에 표시 필요
낮음,참조에 반감기 없음,154Lu,71,83,154,반감기,1# s,(반감기 없음),,출처 확인 — 추정·이론값이면 화면에 표시 필요
낮음,참조에 반감기 없음,186Lu,71,115,186,반감기,6# s (> 300 ns),(반감기 없음),,출처 확인 — 추정·이론값이면 화면에 표시 필요
낮음,참조에 반감기 없음,187Lu,71,116,187,반감기,7# s (> 300 ns),(반감기 없음),,출처 확인 — 추정·이론값이면 화면에 표시 필요
낮음,참조에 반감기 없음,188Lu,71,117,188,반감기,1# s (> 300 ns),(반감기 없음),,출처 확인 — 추정·이론값이면 화면에 표시 필요
낮음,참조에 반감기 없음,153Hf,72,81,153,반감기,400# ms (> 200 ns),(반감기 없음),,출처 확인 — 추정·이론값이면 화면에 표시 필요
낮음,참조에 반감기 없음,187Hf,72,115,187,반감기,14# s (> 300 ns),(반감기 없음),,출처 확인 — 추정·이론값이면 화면에 표시 필요
낮음,참조에 반감기 없음,188Hf,72,116,188,반감기,7# s (> 300 ns),(반감기 없음),,출처 확인 — 추정·이론값이면 화면에 표시 필요
낮음,참조에 반감기 없음,189Hf,72,117,189,반감기,400# ms (> 300 ns),(반감기 없음),,출처 확인 — 추정·이론값이면 화면에 표시 필요
낮음,참조에 반감기 없음,190Hf,72,118,190,반감기,600# ms (> 300 ns),(반감기 없음),,출처 확인 — 추정·이론값이면 화면에 표시 필요
낮음,참조에 반감기 없음,161Ta,73,88,161,반감기,3# s,(반감기 없음),,출처 확인 — 추정·이론값이면 화면에 표시 필요
낮음,참조에 반감기 없음,189Ta,73,116,189,반감기,20# s (> 300 ns),(반감기 없음),,출처 확인 — 추정·이론값이면 화면에 표시 필요
낮음,참조에 반감기 없음,193Ta,73,120,193,반감기,220# ms (> 300 ns),(반감기 없음),,출처 확인 — 추정·이론값이면 화면에 표시 필요
낮음,참조에 반감기 없음,194Ta,73,121,194,반감기,2# s (> 300 ns),(반감기 없음),,출처 확인 — 추정·이론값이면 화면에 표시 필요
낮음,참조에 반감기 없음,191W,74,117,191,반감기,14# s (> 300 ns),(반감기 없음),,출처 확인 — 추정·이론값이면 화면에 표시 필요
낮음,참조에 반감기 없음,192W,74,118,192,반감기,40# s (> 300 ns),(반감기 없음),,출처 확인 — 추정·이론값이면 화면에 표시 필요
낮음,참조에 반감기 없음,193W,74,119,193,반감기,30# s (> 300 ns),(반감기 없음),,출처 확인 — 추정·이론값이면 화면에 표시 필요
낮음,참조에 반감기 없음,194W,74,120,194,반감기,20# s (> 300 ns),(반감기 없음),,출처 확인 — 추정·이론값이면 화면에 표시 필요
낮음,참조에 반감기 없음,159Re,75,84,159,반감기,40# μs,(반감기 없음),,출처 확인 — 추정·이론값이면 화면에 표시 필요
낮음,참조에 반감기 없음,193Re,75,118,193,반감기,3# min (> 300 ns),(반감기 없음),,출처 확인 — 추정·이론값이면 화면에 표시 필요
낮음,참조에 반감기 없음,198Os,76,122,198,반감기,125 ± 28 s (≈2.0833 m),(반감기 없음),,출처 확인 — 추정·이론값이면 화면에 표시 필요
낮음,참조에 반감기 없음,201Os,76,125,201,반감기,3# s (> 300 ns),(반감기 없음),,출처 확인 — 추정·이론값이면 화면에 표시 필요
낮음,참조에 반감기 없음,203Os,76,127,203,반감기,300# ms (> 300 ns),(반감기 없음),,출처 확인 — 추정·이론값이면 화면에 표시 필요
낮음,참조에 반감기 없음,164Ir,77,87,164,반감기,1# ms,(반감기 없음),,출처 확인 — 추정·이론값이면 화면에 표시 필요
낮음,참조에 반감기 없음,203Ir,77,126,203,반감기,7# s (> 300 ns),(반감기 없음),,출처 확인 — 추정·이론값이면 화면에 표시 필요
낮음,참조에 반감기 없음,205Ir,77,128,205,반감기,1# s (> 300 ns),(반감기 없음),,출처 확인 — 추정·이론값이면 화면에 표시 필요
낮음,참조에 반감기 없음,205Pt,78,127,205,반감기,2# s (> 300 ns),(반감기 없음),,출처 확인 — 추정·이론값이면 화면에 표시 필요
낮음,참조에 반감기 없음,207Pt,78,129,207,반감기,600# ms (> 300 ns),(반감기 없음),,출처 확인 — 추정·이론값이면 화면에 표시 필요
낮음,참조에 반감기 없음,208Pt,78,130,208,반감기,220# ms (> 300 ns),(반감기 없음),,출처 확인 — 추정·이론값이면 화면에 표시 필요
낮음,참조에 반감기 없음,175Au,79,96,175,반감기,200 ± 3 ms,(반감기 없음),,출처 확인 — 추정·이론값이면 화면에 표시 필요
낮음,참조에 반감기 없음,176Au,79,97,176,반감기,1.05 ± 0.01 s,(반감기 없음),,출처 확인 — 추정·이론값이면 화면에 표시 필요
낮음,참조에 반감기 없음,208Au,79,129,208,반감기,20# s (> 300 ns),(반감기 없음),,출처 확인 — 추정·이론값이면 화면에 표시 필요
낮음,참조에 반감기 없음,210Hg,80,130,210,반감기,64 ± 12 s (≈1.0667 m),(반감기 없음),,출처 확인 — 추정·이론값이면 화면에 표시 필요
낮음,참조에 반감기 없음,212Hg,80,132,212,반감기,30# s (> 300 ns),(반감기 없음),,출처 확인 — 추정·이론값이면 화면에 표시 필요
낮음,참조에 반감기 없음,213Hg,80,133,213,반감기,15# s (> 300 ns),(반감기 없음),,출처 확인 — 추정·이론값이면 화면에 표시 필요
낮음,참조에 반감기 없음,214Hg,80,134,214,반감기,8# s (> 300 ns),(반감기 없음),,출처 확인 — 추정·이론값이면 화면에 표시 필요
낮음,참조에 반감기 없음,215Hg,80,135,215,반감기,600# ms (> 300 ns),(반감기 없음),,출처 확인 — 추정·이론값이면 화면에 표시 필요
낮음,참조에 반감기 없음,191Tl,81,110,191,반감기,20# min,(반감기 없음),,출처 확인 — 추정·이론값이면 화면에 표시 필요
낮음,참조에 반감기 없음,217Tl,81,136,217,반감기,2# s (> 300 ns),(반감기 없음),,출처 확인 — 추정·이론값이면 화면에 표시 필요
낮음,참조에 반감기 없음,193Pb,82,111,193,반감기,4# min,(반감기 없음),,출처 확인 — 추정·이론값이면 화면에 표시 필요
낮음,참조에 반감기 없음,219Pb,82,137,219,반감기,3# s (> 300 ns),(반감기 없음),,출처 확인 — 추정·이론값이면 화면에 표시 필요
낮음,참조에 반감기 없음,224Bi,83,141,224,반감기,1# s (> 300 ns),(반감기 없음),,출처 확인 — 추정·이론값이면 화면에 표시 필요
낮음,참조에 반감기 없음,224Po,84,140,224,반감기,3# min (> 300 ns),(반감기 없음),,출처 확인 — 추정·이론값이면 화면에 표시 필요
낮음,참조에 반감기 없음,230Rn,86,144,230,반감기,24# s (> 300 ns),(반감기 없음),,출처 확인 — 추정·이론값이면 화면에 표시 필요
낮음,참조에 반감기 없음,231Rn,86,145,231,반감기,2# s (> 300 ns),(반감기 없음),,출처 확인 — 추정·이론값이면 화면에 표시 필요
낮음,참조에 반감기 없음,241U,92,149,241,반감기,4# min,(반감기 없음),,출처 확인 — 추정·이론값이면 화면에 표시 필요
낮음,참조에 반감기 없음,243U,92,151,243,반감기,16# min,(반감기 없음),,출처 확인 — 추정·이론값이면 화면에 표시 필요
낮음,참조에 반감기 없음,248Am,95,153,248,반감기,3# min,(반감기 없음),,출처 확인 — 추정·이론값이면 화면에 표시 필요
낮음,참조에 반감기 없음,235Cm,96,139,235,반감기,7 ± 3 min,(반감기 없음),,[참조: 단건 API 최신값] 출처 확인 — 추정·이론값이면 화면에 표시 필요
낮음,참조에 반감기 없음,237Cm,96,141,237,반감기,> 10# min,(반감기 없음),,출처 확인 — 추정·이론값이면 화면에 표시 필요
낮음,참조에 반감기 없음,239Bk,97,142,239,반감기,100# s (≈1.6667 m),(반감기 없음),,출처 확인 — 추정·이론값이면 화면에 표시 필요
낮음,참조에 반감기 없음,247Es,99,148,247,반감기,4.55 ± 0.26 min,(반감기 없음),,출처 확인 — 추정·이론값이면 화면에 표시 필요
낮음,참조에 반감기 없음,263Bh,107,156,263,반감기,200# ms,(반감기 없음),,출처 확인 — 추정·이론값이면 화면에 표시 필요
낮음,참조에 반감기 없음,265Bh,107,158,265,반감기,1.19 ± 0.52 s,(반감기 없음),,출처 확인 — 추정·이론값이면 화면에 표시 필요
낮음,참조에 반감기 없음,263Hs,108,155,263,반감기,0.9 ± 0.4 ms (≈900 us),(반감기 없음),,출처 확인 — 추정·이론값이면 화면에 표시 필요
낮음,참조에 반감기 없음,271Hs,108,163,271,반감기,10# s,(반감기 없음),,출처 확인 — 추정·이론값이면 화면에 표시 필요
낮음,참조에만 있음,4n,0,4,4,커버리지,,<2.6 MeV (폭 → >175.48 ys),,내 데이터에 없음
낮음,참조에만 있음,6n,0,6,6,커버리지,,(반감기 없음),,내 데이터에 없음
낮음,참조에만 있음,18Mg,12,6,18,커버리지,,0.12 MeV (폭 → 3.802 zs),,내 데이터에 없음
낮음,참조에만 있음,101Br,35,66,101,커버리지,,(반감기 없음),,내 데이터에 없음
낮음,참조에만 있음,102Kr,36,66,102,커버리지,,(반감기 없음),,내 데이터에 없음
낮음,참조에만 있음,105Rb,37,68,105,커버리지,,(반감기 없음),,내 데이터에 없음
낮음,참조에만 있음,106Rb,37,69,106,커버리지,,(반감기 없음),,내 데이터에 없음
낮음,참조에만 있음,108Sr,38,70,108,커버리지,,(반감기 없음),,내 데이터에 없음
낮음,참조에만 있음,110Y,39,71,110,커버리지,,(반감기 없음),,내 데이터에 없음
낮음,참조에만 있음,111Y,39,72,111,커버리지,,(반감기 없음),,내 데이터에 없음
낮음,참조에만 있음,114Zr,40,74,114,커버리지,,(반감기 없음),,내 데이터에 없음
낮음,참조에만 있음,117Nb,41,76,117,커버리지,,(반감기 없음),,내 데이터에 없음
낮음,참조에만 있음,149Lu,71,78,149,커버리지,,0.45 us ±0.14,,내 데이터에 없음
낮음,참조에만 있음,151Hf,72,79,151,커버리지,,(반감기 없음),,내 데이터에 없음
낮음,참조에만 있음,207Th,90,117,207,커버리지,,10 ms ±25,,내 데이터에 없음
낮음,참조에만 있음,214U,92,122,214,커버리지,,0.52 ms ±0.58,,내 데이터에 없음
낮음,참조에만 있음,244U,92,152,244,커버리지,,(반감기 없음),,내 데이터에 없음
낮음,참조에만 있음,245U,92,153,245,커버리지,,(반감기 없음),,내 데이터에 없음
낮음,참조에만 있음,246U,92,154,246,커버리지,,(반감기 없음),,내 데이터에 없음
낮음,참조에만 있음,247U,92,155,247,커버리지,,(반감기 없음),,내 데이터에 없음
낮음,참조에만 있음,248U,92,156,248,커버리지,,(반감기 없음),,내 데이터에 없음
낮음,참조에만 있음,249U,92,157,249,커버리지,,(반감기 없음),,내 데이터에 없음
낮음,참조에만 있음,250U,92,158,250,커버리지,,(반감기 없음),,내 데이터에 없음
낮음,참조에만 있음,251U,92,159,251,커버리지,,(반감기 없음),,내 데이터에 없음
낮음,참조에만 있음,253U,92,161,253,커버리지,,(반감기 없음),,내 데이터에 없음
낮음,참조에만 있음,254U,92,162,254,커버리지,,(반감기 없음),,내 데이터에 없음
낮음,참조에만 있음,255U,92,163,255,커버리지,,(반감기 없음),,내 데이터에 없음
낮음,참조에만 있음,236Cf,98,138,236,커버리지,,(반감기 없음),,내 데이터에 없음
낮음,참조에만 있음,294Lv,116,178,294,커버리지,,(반감기 없음),,내 데이터에 없음
낮음,한계값 차이,33Ne,10,23,33,반감기,< 260 ns,<180 ns,+44.4%,
낮음,한계값 차이,34Ne,10,24,34,반감기,2# ms (> 1.5 μs),>60 ns,×25,화면은 추정값(#)과 한계를 함께 표시 — 한계끼리 비교
낮음,한계값 차이,19Na,11,8,19,반감기,> 1 as,<40 keV (폭 → >11.406 zs),×87.67,
낮음,한계값 차이,37Na,11,26,37,반감기,1# ms (> 1.5 μs),>60 ns,×25,화면은 추정값(#)과 한계를 함께 표시 — 한계끼리 비교
낮음,한계값 차이,43Si,14,29,43,반감기,30# ms (> 260 ns),>60 ns,+333%,화면은 추정값(#)과 한계를 함께 표시 — 한계끼리 비교
낮음,한계값 차이,30Cl,17,13,30,반감기,> 100 ns,<30 ns,+233%,
낮음,한계값 차이,49Cl,17,32,49,반감기,35# ms (> 200 ns),≥170 ns,+17.6%,화면은 추정값(#)과 한계를 함께 표시 — 한계끼리 비교
낮음,한계값 차이,34K,19,15,34,반감기,< 40 ns,<25 ns,+60%,
낮음,한계값 차이,63Ti,22,41,63,반감기,10# ms (> 620 ns),>360 ns,+72.2%,화면은 추정값(#)과 한계를 함께 표시 — 한계끼리 비교
낮음,한계값 차이,65V,23,42,65,반감기,14# ms (> 620 ns),>360 ns,+72.2%,화면은 추정값(#)과 한계를 함께 표시 — 한계끼리 비교
낮음,한계값 차이,66V,23,43,66,반감기,10# ms (> 620 ns),>360 ns,+72.2%,화면은 추정값(#)과 한계를 함께 표시 — 한계끼리 비교
낮음,한계값 차이,68Cr,24,44,68,반감기,10# ms (> 620 ns),>360 ns,+72.2%,화면은 추정값(#)과 한계를 함께 표시 — 한계끼리 비교
낮음,한계값 차이,85Zn,30,55,85,반감기,40# ms (> 400 ns),>637 ns,-37.2%,화면은 추정값(#)과 한계를 함께 표시 — 한계끼리 비교
낮음,한계값 차이,94Se,34,60,94,반감기,50# ms (> 300 ns),>150 ns,+100%,화면은 추정값(#)과 한계를 함께 표시 — 한계끼리 비교
낮음,한계값 차이,95Se,34,61,95,반감기,70# ms (> 400 ns),>392 ns,+2.04%,화면은 추정값(#)과 한계를 함께 표시 — 한계끼리 비교
낮음,한계값 차이,95Br,35,60,95,반감기,80# ms (> 300 ns),≥150 ns,+100%,화면은 추정값(#)과 한계를 함께 표시 — 한계끼리 비교
낮음,한계값 차이,96Br,35,61,96,반감기,20# ms (> 300 ns),≥150 ns,+100%,화면은 추정값(#)과 한계를 함께 표시 — 한계끼리 비교
낮음,한계값 차이,101Kr,36,65,101,반감기,9# ms (> 400 ns),>635 ns,-37%,화면은 추정값(#)과 한계를 함께 표시 — 한계끼리 비교
낮음,한계값 차이,107Sr,38,69,107,반감기,25# ms (> 400 ns),>395 ns,+1.27%,화면은 추정값(#)과 한계를 함께 표시 — 한계끼리 비교
낮음,한계값 차이,78Zr,40,38,78,반감기,50# ms (> 200 ns),>170 ns,+17.6%,화면은 추정값(#)과 한계를 함께 표시 — 한계끼리 비교
낮음,한계값 차이,81Nb,41,40,81,반감기,< 44 ns,<200 ns,-78%,
낮음,한계값 차이,81Mo,42,39,81,반감기,1# ms (> 400 ns),>450 ns,-11.1%,화면은 추정값(#)과 한계를 함께 표시 — 한계끼리 비교
낮음,한계값 차이,85Tc,43,42,85,반감기,< 110 ns,<100 ns,+10%,
낮음,한계값 차이,85Ru,44,41,85,반감기,1# ms (> 400 ns),>450 ns,-11.1%,화면은 추정값(#)과 한계를 함께 표시 — 한계끼리 비교
낮음,한계값 차이,86Ru,44,42,86,반감기,50# ms (> 400 ns),>438 ns,-8.68%,화면은 추정값(#)과 한계를 함께 표시 — 한계끼리 비교
낮음,한계값 차이,104Te,52,52,104,반감기,< 4 ns,<18 ns,-77.8%,
낮음,한계값 차이,123Te,52,71,123,반감기,안정 (> 2 Py),>9.2E+16 Y,-97.8%,
낮음,한계값 차이,124Xe,54,70,124,반감기,안정 (> 200 Ty),≥1.6E+14 Y,+25%,
낮음,한계값 차이,134Xe,54,80,134,반감기,안정 (> 11 Py),>5.8E+22 Y,-100%,
낮음,한계값 차이,132Ba,56,76,132,반감기,안정 (> 300 Ey),>3.0E+21 Y,-90%,
낮음,한계값 차이,142Ce,58,84,142,반감기,안정 (> 2.9 Ey),>5E+16 Y,×58,
낮음,한계값 차이,174Dy,66,108,174,반감기,1# s (> 300 ns),>160 ns,+87.5%,화면은 추정값(#)과 한계를 함께 표시 — 한계끼리 비교
낮음,한계값 차이,176Ho,67,109,176,반감기,1# s (> 300 ns),>160 ns,+87.5%,화면은 추정값(#)과 한계를 함께 표시 — 한계끼리 비교
낮음,한계값 차이,176Er,68,108,176,반감기,12# s (> 300 ns),>160 ns,+87.5%,화면은 추정값(#)과 한계를 함께 표시 — 한계끼리 비교
낮음,한계값 차이,178Er,68,110,178,반감기,4# s (> 300 ns),>160 ns,+87.5%,화면은 추정값(#)과 한계를 함께 표시 — 한계끼리 비교
낮음,한계값 차이,179Tm,69,110,179,반감기,18# s (> 300 ns),>160 ns,+87.5%,화면은 추정값(#)과 한계를 함께 표시 — 한계끼리 비교
낮음,한계값 차이,181Tm,69,112,181,반감기,7# s (> 300 ns),>160 ns,+87.5%,화면은 추정값(#)과 한계를 함께 표시 — 한계끼리 비교
낮음,한계값 차이,181Yb,70,111,181,반감기,1# min (> 300 ns),>160 ns,+87.5%,화면은 추정값(#)과 한계를 함께 표시 — 한계끼리 비교
낮음,한계값 차이,182Yb,70,112,182,반감기,30# s (> 300 ns),>160 ns,+87.5%,화면은 추정값(#)과 한계를 함께 표시 — 한계끼리 비교
낮음,한계값 차이,183Yb,70,113,183,반감기,30# s (> 300 ns),≥222 ns,+35.1%,화면은 추정값(#)과 한계를 함께 표시 — 한계끼리 비교
낮음,한계값 차이,184Yb,70,114,184,반감기,7# s (> 300 ns),>160 ns,+87.5%,화면은 추정값(#)과 한계를 함께 표시 — 한계끼리 비교
낮음,한계값 차이,185Yb,70,115,185,반감기,5# s (> 300 ns),>160 ns,+87.5%,화면은 추정값(#)과 한계를 함께 표시 — 한계끼리 비교
낮음,한계값 차이,185Lu,71,114,185,반감기,20# s (> 300 ns),>160 ns,+87.5%,화면은 추정값(#)과 한계를 함께 표시 — 한계끼리 비교
낮음,한계값 차이,196W,74,122,196,반감기,25# s (> 300 ns),>160 ns,+87.5%,화면은 추정값(#)과 한계를 함께 표시 — 한계끼리 비교
낮음,한계값 차이,197W,74,123,197,반감기,1# s (> 300 ns),>160 ns,+87.5%,화면은 추정값(#)과 한계를 함께 표시 — 한계끼리 비교
낮음,한계값 차이,197Re,75,122,197,반감기,400# ms (> 300 ns),>160 ns,+87.5%,화면은 추정값(#)과 한계를 함께 표시 — 한계끼리 비교
낮음,한계값 차이,198Re,75,123,198,반감기,1# s (> 300 ns),>160 ns,+87.5%,화면은 추정값(#)과 한계를 함께 표시 — 한계끼리 비교
낮음,한계값 차이,199Re,75,124,199,반감기,250# ms (> 300 ns),>160 ns,+87.5%,화면은 추정값(#)과 한계를 함께 표시 — 한계끼리 비교
낮음,한계값 차이,202Os,76,126,202,반감기,2# s (> 300 ns),>160 ns,+87.5%,화면은 추정값(#)과 한계를 함께 표시 — 한계끼리 비교
낮음,한계값 차이,204Ir,77,127,204,반감기,2# s (> 300 ns),>160 ns,+87.5%,화면은 추정값(#)과 한계를 함께 표시 — 한계끼리 비교
낮음,한계값 차이,206Pt,78,128,206,반감기,500# ms (> 300 ns),>160 ns,+87.5%,화면은 추정값(#)과 한계를 함께 표시 — 한계끼리 비교
